cm_code;Type;Attribut;Valeur N-1;Valeur N
590478;Modification;cm_long;28.0900307049;1314.54
8237178;Modification;cm_long;199.905357296;228.2523093
590846;Modification;cm_long;36.6167397547;167.9
559596;Modification;cm_codeext;TERRITOIRE;HORS TERRITOIRE
637154;Modification;cm_codeext;TERRITOIRE;HORS TERRITOIRE
590315;Modification;cm_long;21.9836235274;664.32
590796;Modification;cm_long;20.3368436752;371.86
8354344;Modification;cm_long;69.5560002483;32.84374466
590404;Modification;cm_long;149.176345822;2482.91
591090;Modification;cm_long;1.7414248014;1017.08
591043;Modification;cm_long;380.884437723;2213.85
590209;Modification;cm_long;24.0104707501;664.32
590885;Modification;cm_long;15.0548642465;1017.08
590376;Modification;cm_long;46.0501652593;899.16
590849;Modification;cm_long;14.1662866441;453.94
590919;Modification;cm_long;11.3685846873;85.06
590835;Modification;cm_long;596.206191353;1234.78
590691;Modification;cm_long;340.09242533;1286.04
562482;Modification;cm_codeext;TERRITOIRE;HORS TERRITOIRE
590232;Modification;cm_long;42.596831351;252.26
590800;Modification;cm_long;28.5236157836;240.83
589451;Modification;cm_codeext;HORS TERRITOIRE;TERRITOIRE
590223;Modification;cm_long;12.8487075179;371.86
590197;Modification;cm_long;48.0072826709;240.83
590802;Modification;cm_long;22.1387347651;664.32
560796;Modification;cm_codeext;TERRITOIRE;HORS TERRITOIRE
8240372;Modification;cm_long;105.019250101;111.1780611
590319;Modification;cm_long;76.057993319;498.15
590952;Modification;cm_long;30.0875388279;1314.54
8283250;Modification;cm_codeext;TERRITOIRE;HORS TERRITOIRE
591048;Modification;cm_long;26.6450213869;1017.08
590255;Modification;cm_long;26.0896807999;429.13
1317154;Modification;cm_long;3.6795721178;97.9
604832;Modification;cm_codeext;TERRITOIRE;HORS TERRITOIRE
591103;Modification;cm_long;371.208178373;2390.73
590262;Modification;cm_long;29.7379674497;1017.08
590824;Modification;cm_long;359.136731822;2213.85
559261;Modification;cm_codeext;TERRITOIRE;HORS TERRITOIRE
8349540;Modification;cm_long;109.289741704;172.4963709
590856;Modification;cm_long;408.318691059;2390.73
8282304;Modification;cm_codeext;TERRITOIRE;HORS TERRITOIRE
590352;Modification;cm_long;21.9372808251;36.63
561688;Modification;cm_codeext;TERRITOIRE;HORS TERRITOIRE
590486;Modification;cm_long;3.4285449129;85.68
582080;Modification;cm_codeext;TERRITOIRE;HORS TERRITOIRE
590886;Modification;cm_long;4.1236358942;1017.08
590268;Modification;cm_long;21.1653860323;1017.08
590228;Modification;cm_long;6.9643251877;252.26
590690;Modification;cm_long;470.347651595;1286.04
590484;Modification;cm_long;30.8603102836;85.68
590847;Modification;cm_long;22.0227009027;167.9
590689;Modification;cm_long;475.598853071;1286.04
590357;Modification;cm_long;12.683726003;1017.08
590196;Modification;cm_long;34.5304592839;240.83
590811;Modification;cm_long;6.0172568562;1017.08
590843;Modification;cm_long;287.210640601;3241.22
8314935;Modification;cm_long;107.327090369;120.4905668
590900;Modification;cm_long;18.824659657;664.32
8283265;Modification;cm_codeext;TERRITOIRE;HORS TERRITOIRE
590711;Modification;cm_long;5.042177486;83.11
8283256;Modification;cm_codeext;TERRITOIRE;HORS TERRITOIRE
559422;Modification;cm_codeext;TERRITOIRE;HORS TERRITOIRE
590799;Modification;cm_long;2.2799705733;252.26
590250;Modification;cm_long;94.7214530386;2482.91
590818;Modification;cm_long;656.801788186;3241.22
590261;Modification;cm_long;115.55081795;1017.08
590249;Modification;cm_long;328.307139835;2482.91
590263;Modification;cm_long;46.6785364472;1017.08
590474;Modification;cm_long;30.6270697516;1314.54
591111;Modification;cm_long;263.349343448;3241.22
607076;Modification;cm_codeext;TERRITOIRE;HORS TERRITOIRE
1324838;Modification;cm_long;7.0040518587;292.11
590323;Modification;cm_long;422.242593116;425.75
579362;Modification;cm_codeext;TERRITOIRE;HORS TERRITOIRE
562478;Modification;cm_codeext;HORS TERRITOIRE;TERRITOIRE
590326;Modification;cm_long;52.9443132575;174.62
590855;Modification;cm_long;240.458731975;2390.73
8283292;Modification;cm_codeext;TERRITOIRE;HORS TERRITOIRE
828193;Modification;cm_long;180.839165756;184.61
609639;Modification;cm_long;1964.55179729;1963.279956
562808;Modification;cm_codeext;HORS TERRITOIRE;TERRITOIRE
590422;Modification;cm_long;28.8763134676;59.02
590359;Modification;cm_long;5.20151541;1017.08
563282;Modification;cm_codeext;TERRITOIRE;HORS TERRITOIRE
590253;Modification;cm_long;43.3706916952;85.5
8285497;Modification;cm_long;11.9278642665;19.98814327
590910;Modification;cm_long;21.894681986;68.25
8247451;Modification;cm_long;102.737391292;115.3357663
8283269;Modification;cm_codeext;TERRITOIRE;HORS TERRITOIRE
590251;Modification;cm_long;41.1344890207;2482.91
559032;Modification;cm_codeext;TERRITOIRE;HORS TERRITOIRE
562483;Modification;cm_codeext;TERRITOIRE;HORS TERRITOIRE
590212;Modification;cm_long;89.277430788;372.56
8272387;Modification;cm_long;40.9680035291;68.91765074
590231;Modification;cm_long;4.1178569311;252.26
590916;Modification;cm_long;27.8676953313;1314.54
590241;Modification;cm_long;118.199385395;372.56
8484236;Modification;cm_long;25.9553551723;9.562027893
8283261;Modification;cm_codeext;TERRITOIRE;HORS TERRITOIRE
8283251;Modification;cm_codeext;TERRITOIRE;HORS TERRITOIRE
564011;Modification;cm_long;1767.97944252;1766.865304
590902;Modification;cm_long;36.6680482937;664.32
590732;Modification;cm_long;243.976086182;259.17
590730;Modification;cm_long;142.404852238;193.91
590314;Modification;cm_long;60.1955249836;1017.08
8283290;Modification;cm_codeext;TERRITOIRE;HORS TERRITOIRE
590407;Modification;cm_long;681.866807738;2390.73
591036;Modification;cm_long;62.5902188319;664.32
779239;Modification;cm_long;2062.66063294;2061.354547
590781;Modification;cm_long;229.283353058;801.49
590459;Modification;cm_long;30.0558242755;1314.54
590236;Modification;cm_long;10.3233853438;303.42
590467;Modification;cm_long;19.1043131654;1017.08
590471;Modification;cm_long;24.3307559416;93.99
541272;Modification;cm_codeext;TERRITOIRE;HORS TERRITOIRE
590776;Modification;cm_long;132.431533958;498.15
590363;Modification;cm_long;0.8139996555;112.74
559493;Modification;cm_codeext;TERRITOIRE;HORS TERRITOIRE
8282301;Modification;cm_codeext;TERRITOIRE;HORS TERRITOIRE
561282;Modification;cm_codeext;TERRITOIRE;HORS TERRITOIRE
590302;Modification;cm_long;17.9435100304;453.94
562481;Modification;cm_codeext;TERRITOIRE;HORS TERRITOIRE
8282302;Modification;cm_codeext;TERRITOIRE;HORS TERRITOIRE
590914;Modification;cm_long;30.141020087;1314.54
8283262;Modification;cm_codeext;TERRITOIRE;HORS TERRITOIRE
590779;Modification;cm_long;44.2193979881;429.13
559159;Modification;cm_codeext;TERRITOIRE;HORS TERRITOIRE
8319433;Modification;cm_long;34.7861884788;33.50533317
1317474;Modification;cm_long;11.0000615173;94.22
590353;Modification;cm_long;14.6957546863;36.63
590205;Modification;cm_long;5.1548391494;664.32
590234;Modification;cm_long;39.2436713212;48.82
1318753;Modification;cm_long;11.5311078965;570.24
8350455;Modification;cm_long;179.80748794;115.0832216
560568;Modification;cm_codeext;TERRITOIRE;HORS TERRITOIRE
8277504;Modification;cm_long;48.203016101;34.47028172
564035;Modification;cm_long;139.463433899;258.68
591050;Modification;cm_long;25.5453376451;453.94
589622;Modification;cm_codeext;TERRITOIRE;HORS TERRITOIRE
590207;Modification;cm_long;117.58350078;664.32
705339;Modification;cm_codeext;TERRITOIRE;HORS TERRITOIRE
563633;Modification;cm_codeext;TERRITOIRE;HORS TERRITOIRE
590295;Modification;cm_long;483.95461903;864.45
590778;Modification;cm_long;15.4940461914;93.99
562891;Modification;cm_codeext;HORS TERRITOIRE;TERRITOIRE
590299;Modification;cm_long;33.7387702097;2213.85
590906;Modification;cm_long;14.4498560475;78.2
591037;Modification;cm_long;47.0106410104;252.26
580976;Modification;cm_codeext;TERRITOIRE;HORS TERRITOIRE
559070;Modification;cm_codeext;TERRITOIRE;HORS TERRITOIRE
590264;Modification;cm_long;16.3358847168;1017.08
590710;Modification;cm_long;78.0639646099;83.11
587992;Modification;cm_codeext;TERRITOIRE;HORS TERRITOIRE
590411;Modification;cm_long;180.494185422;2201.55
8282620;Modification;cm_codeext;TERRITOIRE;HORS TERRITOIRE
590415;Modification;cm_long;3.9474928518;6.96
567532;Modification;cm_codeext;TERRITOIRE;HORS TERRITOIRE
591096;Modification;cm_long;173.01739774;2787.87
590780;Modification;cm_long;34.7224377485;429.13
563342;Modification;cm_codeext;TERRITOIRE;HORS TERRITOIRE
590798;Modification;cm_long;22.1728398082;252.26
591021;Modification;cm_long;273.053350658;1626.5
590199;Modification;cm_long;24.5384191047;240.83
562226;Modification;cm_codeext;TERRITOIRE;HORS TERRITOIRE
590409;Modification;cm_long;3.8965299994;2390.73
590897;Modification;cm_long;7.0875704159;371.86
590782;Modification;cm_long;245.203897291;801.49
590421;Modification;cm_long;30.1400247398;59.02
563002;Modification;cm_codeext;TERRITOIRE;HORS TERRITOIRE
590733;Modification;cm_long;5.6674585062;259.17
590215;Modification;cm_long;34.6743554809;372.56
590792;Modification;cm_long;337.30725589;504.64
590311;Modification;cm_long;72.2722633445;429.13
590193;Modification;cm_long;19.0294581005;240.83
8484234;Modification;cm_long;47.7665392642;21.81543489
590813;Modification;cm_long;42.8929009244;1017.08
590477;Modification;cm_long;26.9166714621;1314.54
590371;Modification;cm_long;386.677015287;449.11
590713;Modification;cm_long;475.533024207;1626.5
590399;Modification;cm_long;2.4570518471;2390.73
8283254;Modification;cm_codeext;TERRITOIRE;HORS TERRITOIRE
591035;Modification;cm_long;31.0231355449;664.32
590476;Modification;cm_long;27.6393108141;1314.54
590213;Modification;cm_long;124.731568325;278.69
590458;Modification;cm_long;29.5917669449;1314.54
590775;Modification;cm_long;86.3356484708;498.15
563672;Modification;cm_codeext;TERRITOIRE;HORS TERRITOIRE
590221;Modification;cm_long;7.395388455;371.86
8240383;Modification;cm_long;13.7096849443;19.92581183
8283249;Modification;cm_codeext;TERRITOIRE;HORS TERRITOIRE
590832;Modification;cm_long;74.0840575231;1234.78
590483;Modification;cm_long;36.0507950213;85.68
590871;Modification;cm_long;8.1869264953;371.86
8484215;Modification;cm_long;36.3091474156;13.06008999
591047;Modification;cm_long;31.0342777486;1017.08
590801;Modification;cm_long;9.7274184031;240.83
590246;Modification;cm_long;20.2100400918;453.94
561989;Modification;cm_codeext;TERRITOIRE;HORS TERRITOIRE
591093;Modification;cm_long;28.4992701541;1314.54
8282297;Modification;cm_codeext;TERRITOIRE;HORS TERRITOIRE
590472;Modification;cm_long;32.092458717;1314.54
564441;Modification;cm_codeext;TERRITOIRE;HORS TERRITOIRE
590821;Modification;cm_long;25.310584608;27.55
8283270;Modification;cm_codeext;TERRITOIRE;HORS TERRITOIRE
8264064;Modification;cm_long;33.9075400434;30.18286576
590247;Modification;cm_long;465.430759952;2482.91
590216;Modification;cm_long;6.1858498432;371.86
590252;Modification;cm_long;147.227346021;2482.91
590307;Modification;cm_long;32.6022433099;1017.08
590424;Modification;cm_long;0.6905293332;402.57
590398;Modification;cm_long;24.5448736271;2390.73
590434;Modification;cm_long;3.9615371145;240.83
590254;Modification;cm_long;42.1253161383;85.5
590466;Modification;cm_long;31.2480858653;371.86
590913;Modification;cm_long;84.4099368055;1314.54
590473;Modification;cm_long;30.2555834817;1314.54
590470;Modification;cm_long;7.7628647483;1017.08
590812;Modification;cm_long;6.1930410139;1017.08
559206;Modification;cm_codeext;TERRITOIRE;HORS TERRITOIRE
590823;Modification;cm_long;364.962318455;2213.85
590217;Modification;cm_long;14.4187453546;371.86
8276224;Modification;cm_codeext;TERRITOIRE;HORS TERRITOIRE
8407430;Modification;cm_long;82.7638531991;42.15069513
586232;Modification;cm_codeext;HORS TERRITOIRE;TERRITOIRE
590797;Modification;cm_long;28.8481818402;371.86
590403;Modification;cm_long;22.5369061094;2482.91
563318;Modification;cm_codeext;TERRITOIRE;HORS TERRITOIRE
591119;Modification;cm_long;7.0235477332;1017.08
590195;Modification;cm_long;14.3094670566;240.83
590322;Modification;cm_long;3.5073689681;425.75
591094;Modification;cm_long;27.4247455129;1314.54
591025;Modification;cm_long;2.6098036619;15.65
590805;Modification;cm_long;0.8140103164;418.63
559639;Modification;cm_codeext;TERRITOIRE;HORS TERRITOIRE
590481;Modification;cm_long;25.6266184441;1314.54
590712;Modification;cm_long;81.5287102007;1626.5
590211;Modification;cm_long;10.9173110426;664.32
590243;Modification;cm_long;51.9451771967;372.56
559792;Modification;cm_codeext;TERRITOIRE;HORS TERRITOIRE
590851;Modification;cm_long;21.1284182883;1017.08
563548;Modification;cm_codeext;TERRITOIRE;HORS TERRITOIRE
590312;Modification;cm_long;38.2390662753;429.13
590206;Modification;cm_long;22.315046393;664.32
590310;Modification;cm_long;65.7765373187;167.9
590838;Modification;cm_long;46.7628605276;371.86
8282300;Modification;cm_codeext;TERRITOIRE;HORS TERRITOIRE
590475;Modification;cm_long;28.3455715022;1314.54
590244;Modification;cm_long;16.8545692345;664.32
590224;Modification;cm_long;15.4929859343;371.86
591042;Modification;cm_long;8.2290563;664.32
559368;Modification;cm_codeext;TERRITOIRE;HORS TERRITOIRE
590953;Modification;cm_long;30.0484066559;1314.54
8283252;Modification;cm_codeext;TERRITOIRE;HORS TERRITOIRE
590433;Modification;cm_long;12.0147829991;240.83
578096;Modification;cm_codeext;TERRITOIRE;HORS TERRITOIRE
8283264;Modification;cm_codeext;TERRITOIRE;HORS TERRITOIRE
8283294;Modification;cm_codeext;TERRITOIRE;HORS TERRITOIRE
590457;Modification;cm_long;27.3664948797;1314.54
590248;Modification;cm_long;161.286777933;2482.91
590372;Modification;cm_long;62.4293610168;449.11
590731;Modification;cm_long;51.5080853021;193.91
564147;Modification;cm_codeext;TERRITOIRE;HORS TERRITOIRE
590777;Modification;cm_long;48.2997979416;93.99
561117;Modification;cm_codeext;TERRITOIRE;HORS TERRITOIRE
590260;Modification;cm_long;30.5695442982;1017.08
591033;Modification;cm_long;7.2163127565;170.48
591104;Modification;cm_long;374.809216877;2390.73
1317153;Modification;cm_long;50.3729579032;256.73
590460;Modification;cm_long;30.0166125057;1314.54
591088;Modification;cm_long;9.260250149;664.32
563915;Modification;cm_codeext;TERRITOIRE;HORS TERRITOIRE
590266;Modification;cm_long;17.9500998297;1017.08
8337015;Modification;cm_codeext;TERRITOIRE;HORS TERRITOIRE
591087;Modification;cm_long;12.7188754251;664.32
590431;Modification;cm_long;33.5224360737;371.86
591064;Modification;cm_long;9.2356497552;174.62
587534;Modification;cm_codeext;TERRITOIRE;HORS TERRITOIRE
590907;Modification;cm_long;63.7543252734;78.2
590844;Modification;cm_long;2.8106770126;3241.22
590358;Modification;cm_long;14.7143987067;1017.08
590208;Modification;cm_long;12.1311634941;664.32
561751;Modification;cm_codeext;TERRITOIRE;HORS TERRITOIRE
590240;Modification;cm_long;18.9668420052;664.32
590912;Modification;cm_long;157.486537474;1314.54
590456;Modification;cm_long;2.809654477;1314.54
570801;Modification;cm_long;253.83603289;411.48
563315;Modification;cm_codeext;HORS TERRITOIRE;TERRITOIRE
590313;Modification;cm_long;13.6226016575;429.13
566367;Modification;cm_long;2816.26286555;2814.451782
590320;Modification;cm_long;25.1753721008;498.15
590833;Modification;cm_long;353.417922691;1234.78
590848;Modification;cm_long;40.0171992127;453.94
590416;Modification;cm_long;3.0145668578;6.96
590482;Modification;cm_long;9.7864514862;85.68
590412;Modification;cm_long;1070.42850036;2201.55
562396;Modification;cm_long;247.50627102;239.68
8282299;Modification;cm_codeext;TERRITOIRE;HORS TERRITOIRE
8283287;Modification;cm_codeext;TERRITOIRE;HORS TERRITOIRE
590401;Modification;cm_long;245.673575305;2482.91
590850;Modification;cm_long;22.01264431;453.94
590852;Modification;cm_long;13.2287839199;1017.08
590405;Modification;cm_long;33.0122107215;453.94
590351;Modification;cm_long;202.875121928;251.08
591112;Modification;cm_long;980.637263483;3241.22
7198449;Modification;cm_long;0.0151604749;541.73
566948;Modification;cm_long;1595.85689961;1594.830339
590485;Modification;cm_long;5.5522929498;85.68
590862;Modification;cm_long;10.1752981774;664.32
590355;Modification;cm_long;12.0236881613;1017.08
590303;Modification;cm_long;78.9574725855;453.94
590233;Modification;cm_long;9.5756473473;48.82
590374;Modification;cm_long;0.8137099526;167.6
590327;Modification;cm_long;10.0695526912;174.62
590350;Modification;cm_long;48.2024073456;251.08
590709;Modification;cm_long;170.817043302;425.07
590194;Modification;cm_long;41.1642880791;240.83
580978;Modification;cm_codeext;TERRITOIRE;HORS TERRITOIRE
590309;Modification;cm_long;43.4834331885;167.9
590258;Modification;cm_long;19.3572749302;1017.08
8336379;Modification;cm_long;286.389284517;143.5431296
563061;Modification;cm_codeext;TERRITOIRE;HORS TERRITOIRE
590294;Modification;cm_long;2.919343294;504.64
8484218;Modification;cm_long;44.3476110969;14.3125194
591049;Modification;cm_long;28.0592354921;453.94
590218;Modification;cm_long;324.771813405;1626.5
590198;Modification;cm_long;5.022459975;240.83
590714;Modification;cm_long;219.26212669;1626.5
590329;Modification;cm_long;36.7548693819;174.62
576558;Modification;cm_codeext;TERRITOIRE;HORS TERRITOIRE
590375;Modification;cm_long;362.189601725;899.16
563314;Modification;cm_codeext;TERRITOIRE;HORS TERRITOIRE
566278;Modification;cm_codeext;TERRITOIRE;HORS TERRITOIRE
8283253;Modification;cm_codeext;TERRITOIRE;HORS TERRITOIRE
590229;Modification;cm_long;10.8085808374;252.26
8282294;Modification;cm_codeext;TERRITOIRE;HORS TERRITOIRE
8283293;Modification;cm_codeext;TERRITOIRE;HORS TERRITOIRE
8282303;Modification;cm_codeext;TERRITOIRE;HORS TERRITOIRE
590402;Modification;cm_long;65.0588718417;2482.91
590822;Modification;cm_long;2.2397366006;27.55
590242;Modification;cm_long;78.4685487267;372.56
590841;Modification;cm_long;15.3461873962;1017.08
590920;Modification;cm_long;21.8396107821;864.45
8309199;Modification;cm_long;82.0226297105;76.33737826
564193;Modification;cm_codeext;HORS TERRITOIRE;TERRITOIRE
590271;Modification;cm_long;44.9110001608;453.94
8282296;Modification;cm_codeext;TERRITOIRE;HORS TERRITOIRE
541271;Modification;cm_codeext;TERRITOIRE;HORS TERRITOIRE
8282617;Modification;cm_codeext;TERRITOIRE;HORS TERRITOIRE
590214;Modification;cm_long;153.962597698;278.69
590270;Modification;cm_long;13.0129985253;453.94
8283285;Modification;cm_codeext;TERRITOIRE;HORS TERRITOIRE
590366;Modification;cm_long;0.6903706251;82.93
590356;Modification;cm_long;8.4755541601;1017.08
590265;Modification;cm_long;19.1040973877;1017.08
8336702;Modification;cm_codeext;TERRITOIRE;HORS TERRITOIRE
559402;Modification;cm_codeext;TERRITOIRE;HORS TERRITOIRE
8354936;Modification;cm_long;16.1631573776;27.04397073
1336033;Modification;cm_long;15.5172308683;32.85
590789;Modification;cm_long;585.223754335;846
590480;Modification;cm_long;27.7611071033;1314.54
590734;Modification;cm_long;9.5233676228;259.17
590293;Modification;cm_long;83.6870887071;504.64
590788;Modification;cm_long;143.107068089;846
590227;Modification;cm_long;7.3242660561;252.26
590462;Modification;cm_long;358.613446168;1314.54
587681;Modification;cm_codeext;TERRITOIRE;HORS TERRITOIRE
590918;Modification;cm_long;73.6908198576;85.06
590306;Modification;cm_long;16.3102016538;1017.08
8405828;Modification;cm_long;83.0821357003;47.85534225
591044;Modification;cm_long;334.178948077;2213.85
590340;Modification;cm_long;66.8013900366;109.94
563304;Modification;cm_long;1596.34981966;1595.333458
590308;Modification;cm_long;5.8611434995;93.99
590767;Modification;cm_long;327.002189261;801.49
560571;Modification;cm_codeext;TERRITOIRE;HORS TERRITOIRE
590321;Modification;cm_long;490.92196957;899.16
590899;Modification;cm_long;25.2561427814;664.32
590895;Modification;cm_long;30.1294239619;1017.08
590245;Modification;cm_long;1.3881231646;664.32
591034;Modification;cm_long;33.474920957;170.48
590354;Modification;cm_long;6.1519390548;1017.08
590861;Modification;cm_long;43.9691010449;664.32
8283257;Modification;cm_codeext;TERRITOIRE;HORS TERRITOIRE
590235;Modification;cm_long;293.100820246;303.42
590428;Modification;cm_long;0.5804600934;175.15
8282614;Modification;cm_codeext;TERRITOIRE;HORS TERRITOIRE
590872;Modification;cm_long;37.8207997936;371.86
590341;Modification;cm_long;43.1395205586;109.94
590465;Modification;cm_long;11.5178439391;371.86
591120;Modification;cm_long;7.5672754542;1017.08
590318;Modification;cm_long;178.148800968;498.15
562702;Modification;cm_codeext;TERRITOIRE;HORS TERRITOIRE
1324837;Modification;cm_long;221.722805306;2723.04
562865;Modification;cm_codeext;TERRITOIRE;HORS TERRITOIRE
1985458;Modification;cm_codeext;HORS TERRITOIRE;TERRITOIRE
8282298;Modification;cm_codeext;TERRITOIRE;HORS TERRITOIRE
591061;Modification;cm_long;298.37900033;2482.91
590410;Modification;cm_long;950.622992621;2201.55
590203;Modification;cm_long;32.9253791222;664.32
8407413;Modification;cm_long;64.6730086594;56.19835781
590863;Modification;cm_long;24.9399506398;1017.08
590426;Modification;cm_long;0.5803219107;127.45
590230;Modification;cm_long;12.0961273156;252.26
561649;Modification;cm_codeext;TERRITOIRE;HORS TERRITOIRE
935077;Modification;cm_long;257.044793267;423.74
590901;Modification;cm_long;3.4242485073;664.32
590226;Modification;cm_long;71.1894594455;252.26
590921;Modification;cm_long;358.654307848;864.45
590898;Modification;cm_long;42.940337081;371.86
590267;Modification;cm_long;16.7455985949;1017.08
563167;Modification;cm_codeext;TERRITOIRE;HORS TERRITOIRE
591063;Modification;cm_long;8.8038822005;174.62
590430;Modification;cm_long;23.4043211684;1314.54
562560;Modification;cm_codeext;TERRITOIRE;HORS TERRITOIRE
591041;Modification;cm_long;3.3632067165;664.32
591026;Modification;cm_long;13.0442073146;15.65
590202;Modification;cm_long;40.472234132;664.32
8282291;Modification;cm_codeext;TERRITOIRE;HORS TERRITOIRE
8282291;Modification;cm_long;292.361232155;660.3898573
559598;Modification;cm_codeext;TERRITOIRE;HORS TERRITOIRE
590272;Modification;cm_long;39.6676847648;453.94
559633;Modification;cm_codeext;HORS TERRITOIRE;TERRITOIRE
590825;Modification;cm_long;2.8430140497;2390.73
591062;Modification;cm_long;170.25022343;2482.91
590479;Modification;cm_long;26.6984890089;1314.54
590803;Modification;cm_long;5.9036677232;664.32
8283266;Modification;cm_codeext;TERRITOIRE;HORS TERRITOIRE
590896;Modification;cm_long;38.4532282593;1017.08
590360;Modification;cm_long;4.2712102828;1017.08
590259;Modification;cm_long;72.1231349742;1017.08
561360;Modification;cm_codeext;TERRITOIRE;HORS TERRITOIRE
561879;Modification;cm_long;448.25712472;456.63
590793;Modification;cm_long;80.7240330022;504.64
590200;Modification;cm_long;120.431410918;170.48
1985459;Modification;cm_codeext;HORS TERRITOIRE;TERRITOIRE
590864;Modification;cm_long;3.6528794615;1017.08
590774;Modification;cm_long;29.9857683859;1314.54
590834;Modification;cm_long;211.074809942;1234.78
590256;Modification;cm_long;24.4250014515;429.13
590915;Modification;cm_long;2.0830716973;1314.54
590842;Modification;cm_long;14.7658556731;1017.08
590328;Modification;cm_long;10.6613916728;174.62
586003;Modification;cm_codeext;TERRITOIRE;HORS TERRITOIRE
8282619;Modification;cm_codeext;TERRITOIRE;HORS TERRITOIRE
590220;Modification;cm_long;71.0132866989;137.75
590330;Modification;cm_long;46.153954963;174.62
8283289;Modification;cm_codeext;TERRITOIRE;HORS TERRITOIRE
590453;Modification;cm_long;17.905079219;1314.54
590839;Modification;cm_long;1.0129584789;371.86
591022;Modification;cm_long;252.349746418;1626.5
8283286;Modification;cm_codeext;TERRITOIRE;HORS TERRITOIRE
590317;Modification;cm_long;15.5987411179;252.41
590708;Modification;cm_long;254.25429297;425.07
590804;Modification;cm_long;16.922640262;664.32
590219;Modification;cm_long;66.7416598598;137.75
590845;Modification;cm_long;702.518997782;3241.22
590461;Modification;cm_long;32.6457598665;1314.54
591089;Modification;cm_long;54.8529556146;1017.08
8283255;Modification;cm_codeext;TERRITOIRE;HORS TERRITOIRE
8283288;Modification;cm_codeext;TERRITOIRE;HORS TERRITOIRE
590377;Modification;cm_long;740.950992305;2213.85
590204;Modification;cm_long;20.1028569164;664.32
8319410;Modification;cm_long;75.7349634304;76.88700252
591038;Modification;cm_long;4.3719261049;252.26
590269;Modification;cm_long;6.2139416315;1017.08
590210;Modification;cm_long;9.0468631337;664.32
8283291;Modification;cm_codeext;TERRITOIRE;HORS TERRITOIRE
590917;Modification;cm_long;30.0409015823;1314.54
590840;Modification;cm_long;7.2162055977;371.86
590408;Modification;cm_long;280.332166466;2390.73
8283267;Modification;cm_codeext;TERRITOIRE;HORS TERRITOIRE
590397;Modification;cm_long;2738.7313822;3782.13
590406;Modification;cm_long;4.7987618392;453.94
590222;Modification;cm_long;39.0172988239;371.86
590300;Modification;cm_long;18.380066656;1017.08
8349545;Modification;cm_long;177.009745834;203.2357467
590469;Modification;cm_long;14.5303675081;1017.08
590432;Modification;cm_long;20.9714025787;252.26
590468;Modification;cm_long;8.3453682315;1017.08
590301;Modification;cm_long;71.6263909261;453.94
8282932;Modification;cm_codeext;TERRITOIRE;HORS TERRITOIRE
590316;Modification;cm_long;236.809553825;252.41
558662;Modification;cm_codeext;TERRITOIRE;HORS TERRITOIRE
590423;Modification;cm_long;117.665585343;846
562904;Modification;cm_codeext;TERRITOIRE;HORS TERRITOIRE
587259;Modification;cm_codeext;TERRITOIRE;HORS TERRITOIRE
1268514;Modification;cm_long;3.0840507046;7.18
918760;Ajout;;;
4692863;Ajout;;;
914915;Ajout;;;
627576;Ajout;;;
634929;Ajout;;;
917485;Ajout;;;
917153;Ajout;;;
562362;Ajout;;;
7049969;Ajout;;;
8481021;Ajout;;;
917474;Ajout;;;
916220;Ajout;;;
1414448;Ajout;;;
919077;Ajout;;;
586463;Ajout;;;
627577;Ajout;;;
1283560;Ajout;;;
917810;Ajout;;;
586964;Ajout;;;
4692538;Ajout;;;
8464103;Ajout;;;
8407424;Ajout;;;
917155;Ajout;;;
914612;Ajout;;;
917482;Ajout;;;
915878;Ajout;;;
915881;Ajout;;;
8484228;Ajout;;;
4700538;Ajout;;;
916214;Ajout;;;
919073;Ajout;;;
4698622;Ajout;;;
8350452;Ajout;;;
3407093;Ajout;;;
4700536;Ajout;;;
914613;Ajout;;;
917809;Ajout;;;
8275894;Ajout;;;
919078;Ajout;;;
917813;Ajout;;;
4700534;Ajout;;;
624695;Ajout;;;
4695098;Ajout;;;
4692864;Ajout;;;
587076;Ajout;;;
4695419;Ajout;;;
627574;Ajout;;;
917488;Ajout;;;
8407423;Ajout;;;
1283562;Ajout;;;
586434;Ajout;;;
916219;Ajout;;;
681637;Ajout;;;
917156;Ajout;;;
917812;Ajout;;;
680702;Ajout;;;
8407441;Ajout;;;
4695097;Ajout;;;
4700541;Ajout;;;
613809;Ajout;;;
4692540;Ajout;;;
627575;Ajout;;;
629175;Ajout;;;
680695;Ajout;;;
681634;Ajout;;;
4692862;Ajout;;;
1414447;Ajout;;;
586433;Ajout;;;
8277503;Ajout;;;
915875;Ajout;;;
8482622;Ajout;;;
916217;Ajout;;;
4695418;Ajout;;;
604831;Ajout;;;
914916;Ajout;;;
914610;Ajout;;;
4700537;Ajout;;;
917154;Ajout;;;
914609;Ajout;;;
8309218;Ajout;;;
680696;Ajout;;;
915876;Ajout;;;
587075;Ajout;;;
586431;Ajout;;;
4693179;Ajout;;;
915877;Ajout;;;
614433;Ajout;;;
4700539;Ajout;;;
914917;Ajout;;;
8354345;Ajout;;;
4695096;Ajout;;;
586432;Ajout;;;
917475;Ajout;;;
681636;Ajout;;;
8283571;Ajout;;;
4698616;Ajout;;;
916218;Ajout;;;
4698623;Ajout;;;
4693180;Ajout;;;
915874;Ajout;;;
8481018;Ajout;;;
785635;Ajout;;;
4695420;Ajout;;;
8482624;Ajout;;;
953314;Ajout;;;
8349532;Ajout;;;
914611;Ajout;;;
3407094;Ajout;;;
4692539;Ajout;;;
680694;Ajout;;;
4698618;Ajout;;;
586780;Ajout;;;
4700535;Ajout;;;
627578;Ajout;;;
4700533;Ajout;;;
551232;Ajout;;;
916215;Ajout;;;
1265956;Ajout;;;
917157;Ajout;;;
918759;Ajout;;;
680693;Ajout;;;
914914;Ajout;;;
917811;Ajout;;;
8484216;Ajout;;;
8350454;Ajout;;;
915554;Ajout;;;
2081656;Ajout;;;
915233;Ajout;;;
4698619;Ajout;;;
8647493;Suppression;;;
8736712;Suppression;;;
8497431;Suppression;;;
8583424;Suppression;;;
8626931;Suppression;;;
8497413;Suppression;;;
8625653;Suppression;;;
8659257;Suppression;;;
8640699;Suppression;;;
8626930;Suppression;;;
8643249;Suppression;;;
8642291;Suppression;;;
8590521;Suppression;;;
8626942;Suppression;;;
8546955;Suppression;;;
8560721;Suppression;;;
8560736;Suppression;;;
8642302;Suppression;;;
8753979;Suppression;;;
8609345;Suppression;;;
8585058;Suppression;;;
8626939;Suppression;;;
8590819;Suppression;;;
8622466;Suppression;;;
8552689;Suppression;;;
8697024;Suppression;;;
8697029;Suppression;;;
8641019;Suppression;;;
8651260;Suppression;;;
8621501;Suppression;;;
8584375;Suppression;;;
8609371;Suppression;;;
8504701;Suppression;;;
8626937;Suppression;;;
8585030;Suppression;;;
8736400;Suppression;;;
8614790;Suppression;;;
8696384;Suppression;;;
8683256;Suppression;;;
8497385;Suppression;;;
8868529;Suppression;;;
8585015;Suppression;;;
8515907;Suppression;;;
8642621;Suppression;;;
8616370;Suppression;;;
8647504;Suppression;;;
8736689;Suppression;;;
8527124;Suppression;;;
8546291;Suppression;;;
8546616;Suppression;;;
8642931;Suppression;;;
8651910;Suppression;;;
8590484;Suppression;;;
8497411;Suppression;;;
8527129;Suppression;;;
8611575;Suppression;;;
8712056;Suppression;;;
8651929;Suppression;;;
8652529;Suppression;;;
8550134;Suppression;;;
8543787;Suppression;;;
8585018;Suppression;;;
8594650;Suppression;;;
8514931;Suppression;;;
8647459;Suppression;;;
8615104;Suppression;;;
8590542;Suppression;;;
8543775;Suppression;;;
8753334;Suppression;;;
8647503;Suppression;;;
8497399;Suppression;;;
8736733;Suppression;;;
8554613;Suppression;;;
8502463;Suppression;;;
8647429;Suppression;;;
8657329;Suppression;;;
8549821;Suppression;;;
8622156;Suppression;;;
8641025;Suppression;;;
8560790;Suppression;;;
8639424;Suppression;;;
8560803;Suppression;;;
8577355;Suppression;;;
8577330;Suppression;;;
8712049;Suppression;;;
8625662;Suppression;;;
8560796;Suppression;;;
8497352;Suppression;;;
8518782;Suppression;;;
8736378;Suppression;;;
8590769;Suppression;;;
8590791;Suppression;;;
8647501;Suppression;;;
8849010;Suppression;;;
8622474;Suppression;;;
8736713;Suppression;;;
8574451;Suppression;;;
8590792;Suppression;;;
8740875;Suppression;;;
8577333;Suppression;;;
8511417;Suppression;;;
8504375;Suppression;;;
8736727;Suppression;;;
8528369;Suppression;;;
8651909;Suppression;;;
8647478;Suppression;;;
8736735;Suppression;;;
8560704;Suppression;;;
8646781;Suppression;;;
8647468;Suppression;;;
8682937;Suppression;;;
8651920;Suppression;;;
8647463;Suppression;;;
8609975;Suppression;;;
8651264;Suppression;;;
8740536;Suppression;;;
8622148;Suppression;;;
8574470;Suppression;;;
8499892;Suppression;;;
8614788;Suppression;;;
8740853;Suppression;;;
8622145;Suppression;;;
8647466;Suppression;;;
8642930;Suppression;;;
8642292;Suppression;;;
8583419;Suppression;;;
8590554;Suppression;;;
8560403;Suppression;;;
8546959;Suppression;;;
8736456;Suppression;;;
8574457;Suppression;;;
8637490;Suppression;;;
8622132;Suppression;;;
8562431;Suppression;;;
8518770;Suppression;;;
8590820;Suppression;;;
8560746;Suppression;;;
8609017;Suppression;;;
8736711;Suppression;;;
8736692;Suppression;;;
8590816;Suppression;;;
8585032;Suppression;;;
8504059;Suppression;;;
8590526;Suppression;;;
8594641;Suppression;;;
8753661;Suppression;;;
8611573;Suppression;;;
8520384;Suppression;;;
8641051;Suppression;;;
8647462;Suppression;;;
8522624;Suppression;;;
8533843;Suppression;;;
8519108;Suppression;;;
8515588;Suppression;;;
8615097;Suppression;;;
8527091;Suppression;;;
8515569;Suppression;;;
8497343;Suppression;;;
8590523;Suppression;;;
8543759;Suppression;;;
8640379;Suppression;;;
8554610;Suppression;;;
8585031;Suppression;;;
8594303;Suppression;;;
8546632;Suppression;;;
8514939;Suppression;;;
8654779;Suppression;;;
8552372;Suppression;;;
8533503;Suppression;;;
8651915;Suppression;;;
8647438;Suppression;;;
8546939;Suppression;;;
8609347;Suppression;;;
8647490;Suppression;;;
8621494;Suppression;;;
8594648;Suppression;;;
8621841;Suppression;;;
8546619;Suppression;;;
8590785;Suppression;;;
8560817;Suppression;;;
8583413;Suppression;;;
8683268;Suppression;;;
8543764;Suppression;;;
8642294;Suppression;;;
8587569;Suppression;;;
8987891;Suppression;;;
8519105;Suppression;;;
8583415;Suppression;;;
8552692;Suppression;;;
8622140;Suppression;;;
8594672;Suppression;;;
8682944;Suppression;;;
8577359;Suppression;;;
8609974;Suppression;;;
8590556;Suppression;;;
8622136;Suppression;;;
8596849;Suppression;;;
8543761;Suppression;;;
8622153;Suppression;;;
8552381;Suppression;;;
8533813;Suppression;;;
8546635;Suppression;;;
8497374;Suppression;;;
8647090;Suppression;;;
8736455;Suppression;;;
8546609;Suppression;;;
8543746;Suppression;;;
8587576;Suppression;;;
8614789;Suppression;;;
8621500;Suppression;;;
8735423;Suppression;;;
8740537;Suppression;;;
8683279;Suppression;;;
8590779;Suppression;;;
8702132;Suppression;;;
8560793;Suppression;;;
8643261;Suppression;;;
8642932;Suppression;;;
8590576;Suppression;;;
8515928;Suppression;;;
8651922;Suppression;;;
8609362;Suppression;;;
8594658;Suppression;;;
8614136;Suppression;;;
8577015;Suppression;;;
8741170;Suppression;;;
8647441;Suppression;;;
8696371;Suppression;;;
8736063;Suppression;;;
8641972;Suppression;;;
8560391;Suppression;;;
8587259;Suppression;;;
8515262;Suppression;;;
8560751;Suppression;;;
8637179;Suppression;;;
8736415;Suppression;;;
8594651;Suppression;;;
8641978;Suppression;;;
8740854;Suppression;;;
8737340;Suppression;;;
8683274;Suppression;;;
8543103;Suppression;;;
8515257;Suppression;;;
8594300;Suppression;;;
8651253;Suppression;;;
8987895;Suppression;;;
8643573;Suppression;;;
8651252;Suppression;;;
8496695;Suppression;;;
8682931;Suppression;;;
8641033;Suppression;;;
8622454;Suppression;;;
8659900;Suppression;;;
8497364;Suppression;;;
8736429;Suppression;;;
8497346;Suppression;;;
8497415;Suppression;;;
8497347;Suppression;;;
8519097;Suppression;;;
8641970;Suppression;;;
8637515;Suppression;;;
8594662;Suppression;;;
8590589;Suppression;;;
8741172;Suppression;;;
8497377;Suppression;;;
8736446;Suppression;;;
8647448;Suppression;;;
8637505;Suppression;;;
8560775;Suppression;;;
8543739;Suppression;;;
8515925;Suppression;;;
8637498;Suppression;;;
8585044;Suppression;;;
8560408;Suppression;;;
8736426;Suppression;;;
8587571;Suppression;;;
8736724;Suppression;;;
8554621;Suppression;;;
8577372;Suppression;;;
8515249;Suppression;;;
8557192;Suppression;;;
8560764;Suppression;;;
8736397;Suppression;;;
8615103;Suppression;;;
8533501;Suppression;;;
8543766;Suppression;;;
8560758;Suppression;;;
8497376;Suppression;;;
8557199;Suppression;;;
8587258;Suppression;;;
8560714;Suppression;;;
8515933;Suppression;;;
8546950;Suppression;;;
8519114;Suppression;;;
8515264;Suppression;;;
8543798;Suppression;;;
8549824;Suppression;;;
8564859;Suppression;;;
8614142;Suppression;;;
8683259;Suppression;;;
8560393;Suppression;;;
8643259;Suppression;;;
8548535;Suppression;;;
8518779;Suppression;;;
8651935;Suppression;;;
8588213;Suppression;;;
8515574;Suppression;;;
8585040;Suppression;;;
8520376;Suppression;;;
8585017;Suppression;;;
8585016;Suppression;;;
8511442;Suppression;;;
8543757;Suppression;;;
8583411;Suppression;;;
8659897;Suppression;;;
8561009;Suppression;;;
8574464;Suppression;;;
8587261;Suppression;;;
8736379;Suppression;;;
8590499;Suppression;;;
8590449;Suppression;;;
8639096;Suppression;;;
8641022;Suppression;;;
8641050;Suppression;;;
8497363;Suppression;;;
8622460;Suppression;;;
8590588;Suppression;;;
8497386;Suppression;;;
8740867;Suppression;;;
8587584;Suppression;;;
8587575;Suppression;;;
8552696;Suppression;;;
8712382;Suppression;;;
8564855;Suppression;;;
8647474;Suppression;;;
8643582;Suppression;;;
8615124;Suppression;;;
8555569;Suppression;;;
8642617;Suppression;;;
8511440;Suppression;;;
8609016;Suppression;;;
8683262;Suppression;;;
8546954;Suppression;;;
8552699;Suppression;;;
8577362;Suppression;;;
8549812;Suppression;;;
8564857;Suppression;;;
8560821;Suppression;;;
8562432;Suppression;;;
8740861;Suppression;;;
8737335;Suppression;;;
8577351;Suppression;;;
8518769;Suppression;;;
8519091;Suppression;;;
8736462;Suppression;;;
8736440;Suppression;;;
8552371;Suppression;;;
8543733;Suppression;;;
8533851;Suppression;;;
8577340;Suppression;;;
8611569;Suppression;;;
8590591;Suppression;;;
8753983;Suppression;;;
8647433;Suppression;;;
8647453;Suppression;;;
8622152;Suppression;;;
8647461;Suppression;;;
8574456;Suppression;;;
8560754;Suppression;;;
8503095;Suppression;;;
8560815;Suppression;;;
8590803;Suppression;;;
8511441;Suppression;;;
8533856;Suppression;;;
8577368;Suppression;;;
8561014;Suppression;;;
8611579;Suppression;;;
8522628;Suppression;;;
8626944;Suppression;;;
8627895;Suppression;;;
8562423;Suppression;;;
8548543;Suppression;;;
8641040;Suppression;;;
8621848;Suppression;;;
8651926;Suppression;;;
8641013;Suppression;;;
8682942;Suppression;;;
8577342;Suppression;;;
8696376;Suppression;;;
8496702;Suppression;;;
8585068;Suppression;;;
8515902;Suppression;;;
8533842;Suppression;;;
8637178;Suppression;;;
8560416;Suppression;;;
8590569;Suppression;;;
8560738;Suppression;;;
8574459;Suppression;;;
8590784;Suppression;;;
8594627;Suppression;;;
8621498;Suppression;;;
8642299;Suppression;;;
8590500;Suppression;;;
8697012;Suppression;;;
8590463;Suppression;;;
8735424;Suppression;;;
8778609;Suppression;;;
8560725;Suppression;;;
8527105;Suppression;;;
8511488;Suppression;;;
8609015;Suppression;;;
8515893;Suppression;;;
8560698;Suppression;;;
8641981;Suppression;;;
8660210;Suppression;;;
8574474;Suppression;;;
8590479;Suppression;;;
8511463;Suppression;;;
8526452;Suppression;;;
8520375;Suppression;;;
8647497;Suppression;;;
8522625;Suppression;;;
8639093;Suppression;;;
8543780;Suppression;;;
8590557;Suppression;;;
8659899;Suppression;;;
8574450;Suppression;;;
8503093;Suppression;;;
8560737;Suppression;;;
8497351;Suppression;;;
8560779;Suppression;;;
8515572;Suppression;;;
8502449;Suppression;;;
8560828;Suppression;;;
8641042;Suppression;;;
8627899;Suppression;;;
8718134;Suppression;;;
8651254;Suppression;;;
8590490;Suppression;;;
8587255;Suppression;;;
8527114;Suppression;;;
8583409;Suppression;;;
8560830;Suppression;;;
8736420;Suppression;;;
8590772;Suppression;;;
8615098;Suppression;;;
8562427;Suppression;;;
8543796;Suppression;;;
8736408;Suppression;;;
8497438;Suppression;;;
8585022;Suppression;;;
8504061;Suppression;;;
8641027;Suppression;;;
8549817;Suppression;;;
8651942;Suppression;;;
8526461;Suppression;;;
8615108;Suppression;;;
8585063;Suppression;;;
8647496;Suppression;;;
8614793;Suppression;;;
8533845;Suppression;;;
8533820;Suppression;;;
8560814;Suppression;;;
8515261;Suppression;;;
8592373;Suppression;;;
8588220;Suppression;;;
8637497;Suppression;;;
8640377;Suppression;;;
8590457;Suppression;;;
8504056;Suppression;;;
8560720;Suppression;;;
8642298;Suppression;;;
8590794;Suppression;;;
8497335;Suppression;;;
8511416;Suppression;;;
8497391;Suppression;;;
8543101;Suppression;;;
8497424;Suppression;;;
8543789;Suppression;;;
8683270;Suppression;;;
8622462;Suppression;;;
8332212;Suppression;;;
8543745;Suppression;;;
8543786;Suppression;;;
8560823;Suppression;;;
8740870;Suppression;;;
8515897;Suppression;;;
8574467;Suppression;;;
8642611;Suppression;;;
8660211;Suppression;;;
8639099;Suppression;;;
8740880;Suppression;;;
8533824;Suppression;;;
8515576;Suppression;;;
8577384;Suppression;;;
8527109;Suppression;;;
8609329;Suppression;;;
8577356;Suppression;;;
8621851;Suppression;;;
8683264;Suppression;;;
8622478;Suppression;;;
8560693;Suppression;;;
8590535;Suppression;;;
8587579;Suppression;;;
8533504;Suppression;;;
8543730;Suppression;;;
8503102;Suppression;;;
8511434;Suppression;;;
8642295;Suppression;;;
8587257;Suppression;;;
8736447;Suppression;;;
8622158;Suppression;;;
8577341;Suppression;;;
8518773;Suppression;;;
8736394;Suppression;;;
8643571;Suppression;;;
8736704;Suppression;;;
8641980;Suppression;;;
8519106;Suppression;;;
8697010;Suppression;;;
8511435;Suppression;;;
8546289;Suppression;;;
8574462;Suppression;;;
8590773;Suppression;;;
8641974;Suppression;;;
8503090;Suppression;;;
8588212;Suppression;;;
8543791;Suppression;;;
8594654;Suppression;;;
8585019;Suppression;;;
8560386;Suppression;;;
8651928;Suppression;;;
8583422;Suppression;;;
8637529;Suppression;;;
8504381;Suppression;;;
8590771;Suppression;;;
8520377;Suppression;;;
8627897;Suppression;;;
8736461;Suppression;;;
8497390;Suppression;;;
8552704;Suppression;;;
8642618;Suppression;;;
8560382;Suppression;;;
8622464;Suppression;;;
8641024;Suppression;;;
8515909;Suppression;;;
8625651;Suppression;;;
8577021;Suppression;;;
8499893;Suppression;;;
8641015;Suppression;;;
8543770;Suppression;;;
8515908;Suppression;;;
8564851;Suppression;;;
8554609;Suppression;;;
8574472;Suppression;;;
8621499;Suppression;;;
8546627;Suppression;;;
8616369;Suppression;;;
8736050;Suppression;;;
8497410;Suppression;;;
8614771;Suppression;;;
8588850;Suppression;;;
8564850;Suppression;;;
8549823;Suppression;;;
8497422;Suppression;;;
8543753;Suppression;;;
8736701;Suppression;;;
8527116;Suppression;;;
8643575;Suppression;;;
8560387;Suppression;;;
8712061;Suppression;;;
8587583;Suppression;;;
8609365;Suppression;;;
8611892;Suppression;;;
8560727;Suppression;;;
8515250;Suppression;;;
8522632;Suppression;;;
8621497;Suppression;;;
8621847;Suppression;;;
8622470;Suppression;;;
8615117;Suppression;;;
8647093;Suppression;;;
8647416;Suppression;;;
8736374;Suppression;;;
8638139;Suppression;;;
8515926;Suppression;;;
8651919;Suppression;;;
8546620;Suppression;;;
8585026;Suppression;;;
8641031;Suppression;;;
8615092;Suppression;;;
8543740;Suppression;;;
8526453;Suppression;;;
8683280;Suppression;;;
8614131;Suppression;;;
8736416;Suppression;;;
8511414;Suppression;;;
8647464;Suppression;;;
8519094;Suppression;;;
8560768;Suppression;;;
8519119;Suppression;;;
8522623;Suppression;;;
8702131;Suppression;;;
8590774;Suppression;;;
8659258;Suppression;;;
8515930;Suppression;;;
8560822;Suppression;;;
8511413;Suppression;;;
8518780;Suppression;;;
8560756;Suppression;;;
8502453;Suppression;;;
8497420;Suppression;;;
8659255;Suppression;;;
8647419;Suppression;;;
8497446;Suppression;;;
8868533;Suppression;;;
8515587;Suppression;;;
8497362;Suppression;;;
8712051;Suppression;;;
8546956;Suppression;;;
8621838;Suppression;;;
8560753;Suppression;;;
8621503;Suppression;;;
8736432;Suppression;;;
8594655;Suppression;;;
8527128;Suppression;;;
8609013;Suppression;;;
8594635;Suppression;;;
8590581;Suppression;;;
8641026;Suppression;;;
8590493;Suppression;;;
8590452;Suppression;;;
8590546;Suppression;;;
8659898;Suppression;;;
8594626;Suppression;;;
8659892;Suppression;;;
8642296;Suppression;;;
8637496;Suppression;;;
8637519;Suppression;;;
8497359;Suppression;;;
8615120;Suppression;;;
8697018;Suppression;;;
8546621;Suppression;;;
8554612;Suppression;;;
8552370;Suppression;;;
8543760;Suppression;;;
8637526;Suppression;;;
8642297;Suppression;;;
8562425;Suppression;;;
8515592;Suppression;;;
8527131;Suppression;;;
8543772;Suppression;;;
8621843;Suppression;;;
8594660;Suppression;;;
8577338;Suppression;;;
8587250;Suppression;;;
8684535;Suppression;;;
8736722;Suppression;;;
8585056;Suppression;;;
8645493;Suppression;;;
8639104;Suppression;;;
8590586;Suppression;;;
8590573;Suppression;;;
8643264;Suppression;;;
8614803;Suppression;;;
8641976;Suppression;;;
8622456;Suppression;;;
8622139;Suppression;;;
8588852;Suppression;;;
8639092;Suppression;;;
8736395;Suppression;;;
8497375;Suppression;;;
8560733;Suppression;;;
8496699;Suppression;;;
8637169;Suppression;;;
8614798;Suppression;;;
8526464;Suppression;;;
8740850;Suppression;;;
8740874;Suppression;;;
8596851;Suppression;;;
8736718;Suppression;;;
8546640;Suppression;;;
8594653;Suppression;;;
8560730;Suppression;;;
8497341;Suppression;;;
8638449;Suppression;;;
8533494;Suppression;;;
8546958;Suppression;;;
8625660;Suppression;;;
8560715;Suppression;;;
8496701;Suppression;;;
8615122;Suppression;;;
8548542;Suppression;;;
8560831;Suppression;;;
8594665;Suppression;;;
8696378;Suppression;;;
8736720;Suppression;;;
8577365;Suppression;;;
8736384;Suppression;;;
8560771;Suppression;;;
8594289;Suppression;;;
8622450;Suppression;;;
8643263;Suppression;;;
8560390;Suppression;;;
8594630;Suppression;;;
8499895;Suppression;;;
8736369;Suppression;;;
8637507;Suppression;;;
8533489;Suppression;;;
8497408;Suppression;;;
8846132;Suppression;;;
8637523;Suppression;;;
8590476;Suppression;;;
8585011;Suppression;;;
8740873;Suppression;;;
8641037;Suppression;;;
8497407;Suppression;;;
8736423;Suppression;;;
8527103;Suppression;;;
8527096;Suppression;;;
8552380;Suppression;;;
8682932;Suppression;;;
8615128;Suppression;;;
8643250;Suppression;;;
8577332;Suppression;;;
8625658;Suppression;;;
8659254;Suppression;;;
8651927;Suppression;;;
8614132;Suppression;;;
8546940;Suppression;;;
8609361;Suppression;;;
8627896;Suppression;;;
8736398;Suppression;;;
8560826;Suppression;;;
8741176;Suppression;;;
8515259;Suppression;;;
8522621;Suppression;;;
8621812;Suppression;;;
8548534;Suppression;;;
8511415;Suppression;;;
8641983;Suppression;;;
8659894;Suppression;;;
8740542;Suppression;;;
8560702;Suppression;;;
8754624;Suppression;;;
8594643;Suppression;;;
8753977;Suppression;;;
8590558;Suppression;;;
8577379;Suppression;;;
8647481;Suppression;;;
8543102;Suppression;;;
8647486;Suppression;;;
8987896;Suppression;;;
8511412;Suppression;;;
8615126;Suppression;;;
8590818;Suppression;;;
8497329;Suppression;;;
8736409;Suppression;;;
8560787;Suppression;;;
8546615;Suppression;;;
8712063;Suppression;;;
8643260;Suppression;;;
8643257;Suppression;;;
8515900;Suppression;;;
8614784;Suppression;;;
8736058;Suppression;;;
8621849;Suppression;;;
8614804;Suppression;;;
8533811;Suppression;;;
8614792;Suppression;;;
8625650;Suppression;;;
8546617;Suppression;;;
8504058;Suppression;;;
8590817;Suppression;;;
8651939;Suppression;;;
8503099;Suppression;;;
8846129;Suppression;;;
8641047;Suppression;;;
8543792;Suppression;;;
8911410;Suppression;;;
8497379;Suppression;;;
8626289;Suppression;;;
8590464;Suppression;;;
8577349;Suppression;;;
8546303;Suppression;;;
8753656;Suppression;;;
8627894;Suppression;;;
8574458;Suppression;;;
8497412;Suppression;;;
8637499;Suppression;;;
8560370;Suppression;;;
8503092;Suppression;;;
8497445;Suppression;;;
8543099;Suppression;;;
8642300;Suppression;;;
8590770;Suppression;;;
8546296;Suppression;;;
8590799;Suppression;;;
8647440;Suppression;;;
8697025;Suppression;;;
8696380;Suppression;;;
8647097;Suppression;;;
8638454;Suppression;;;
8502464;Suppression;;;
8518774;Suppression;;;
8543734;Suppression;;;
8552693;Suppression;;;
8641046;Suppression;;;
8697014;Suppression;;;
8637177;Suppression;;;
8903410;Suppression;;;
8697023;Suppression;;;
8527115;Suppression;;;
8647430;Suppression;;;
8519110;Suppression;;;
8497397;Suppression;;;
8740864;Suppression;;;
8736391;Suppression;;;
8748852;Suppression;;;
8639090;Suppression;;;
8526459;Suppression;;;
8641009;Suppression;;;
8651925;Suppression;;;
8504700;Suppression;;;
8712052;Suppression;;;
8622475;Suppression;;;
8546302;Suppression;;;
8596853;Suppression;;;
8552700;Suppression;;;
8546636;Suppression;;;
8614801;Suppression;;;
8590567;Suppression;;;
8737339;Suppression;;;
8621810;Suppression;;;
8736419;Suppression;;;
8585021;Suppression;;;
8533846;Suppression;;;
8497369;Suppression;;;
8527122;Suppression;;;
8519116;Suppression;;;
8577364;Suppression;;;
8696372;Suppression;;;
8557198;Suppression;;;
8590487;Suppression;;;
8515573;Suppression;;;
8647452;Suppression;;;
8543769;Suppression;;;
8637175;Suppression;;;
8647472;Suppression;;;
8560759;Suppression;;;
8543755;Suppression;;;
8642609;Suppression;;;
8515892;Suppression;;;
8588218;Suppression;;;
8588849;Suppression;;;
8621845;Suppression;;;
8554618;Suppression;;;
8548533;Suppression;;;
8502462;Suppression;;;
8637173;Suppression;;;
8590516;Suppression;;;
8611576;Suppression;;;
8546631;Suppression;;;
8609366;Suppression;;;
8527127;Suppression;;;
8740540;Suppression;;;
8546613;Suppression;;;
8514937;Suppression;;;
8614812;Suppression;;;
8647467;Suppression;;;
8497372;Suppression;;;
8560804;Suppression;;;
566368;Suppression;;;
8511438;Suppression;;;
8696369;Suppression;;;
8560811;Suppression;;;
8609336;Suppression;;;
8590483;Suppression;;;
8533810;Suppression;;;
8697026;Suppression;;;
8647092;Suppression;;;
8641045;Suppression;;;
8518772;Suppression;;;
8683266;Suppression;;;
8744840;Suppression;;;
8557188;Suppression;;;
8594656;Suppression;;;
8643253;Suppression;;;
8753331;Suppression;;;
8846134;Suppression;;;
8587572;Suppression;;;
8590461;Suppression;;;
8590587;Suppression;;;
8601329;Suppression;;;
8502460;Suppression;;;
8515582;Suppression;;;
8614777;Suppression;;;
8543776;Suppression;;;
8515252;Suppression;;;
8497370;Suppression;;;
8585054;Suppression;;;
8511445;Suppression;;;
8546292;Suppression;;;
8560818;Suppression;;;
8560755;Suppression;;;
8560762;Suppression;;;
8519107;Suppression;;;
8577331;Suppression;;;
8590491;Suppression;;;
8543737;Suppression;;;
8546630;Suppression;;;
8587252;Suppression;;;
8642620;Suppression;;;
8903411;Suppression;;;
8585023;Suppression;;;
8590786;Suppression;;;
8585029;Suppression;;;
8527100;Suppression;;;
8740857;Suppression;;;
8736433;Suppression;;;
8640702;Suppression;;;
8499900;Suppression;;;
8642936;Suppression;;;
8609984;Suppression;;;
8587580;Suppression;;;
8626934;Suppression;;;
8560388;Suppression;;;
8736731;Suppression;;;
8533814;Suppression;;;
8740543;Suppression;;;
8543091;Suppression;;;
8522610;Suppression;;;
8560402;Suppression;;;
8643576;Suppression;;;
8615091;Suppression;;;
8615131;Suppression;;;
8590585;Suppression;;;
8736371;Suppression;;;
8651933;Suppression;;;
8497373;Suppression;;;
8736428;Suppression;;;
8560700;Suppression;;;
8560724;Suppression;;;
8609978;Suppression;;;
8577369;Suppression;;;
8564849;Suppression;;;
8590777;Suppression;;;
8519117;Suppression;;;
8511422;Suppression;;;
8590561;Suppression;;;
560588;Suppression;;;
8546618;Suppression;;;
8533823;Suppression;;;
8533818;Suppression;;;
8497353;Suppression;;;
8609020;Suppression;;;
8590509;Suppression;;;
8615090;Suppression;;;
8736691;Suppression;;;
8560777;Suppression;;;
8651945;Suppression;;;
8497336;Suppression;;;
8736052;Suppression;;;
8496704;Suppression;;;
8511489;Suppression;;;
8736427;Suppression;;;
8560792;Suppression;;;
8521368;Suppression;;;
8590780;Suppression;;;
8609010;Suppression;;;
8736417;Suppression;;;
8499894;Suppression;;;
8535409;Suppression;;;
8585049;Suppression;;;
8626933;Suppression;;;
8639094;Suppression;;;
8504383;Suppression;;;
8614783;Suppression;;;
8736439;Suppression;;;
8590506;Suppression;;;
8683258;Suppression;;;
8697013;Suppression;;;
8577339;Suppression;;;
8546957;Suppression;;;
8546611;Suppression;;;
8519103;Suppression;;;
8590793;Suppression;;;
8594638;Suppression;;;
8683252;Suppression;;;
8611583;Suppression;;;
8622465;Suppression;;;
8736725;Suppression;;;
8560745;Suppression;;;
8533854;Suppression;;;
8515253;Suppression;;;
8515591;Suppression;;;
8526449;Suppression;;;
8560404;Suppression;;;
8753973;Suppression;;;
8638453;Suppression;;;
8587254;Suppression;;;
8624715;Suppression;;;
8543794;Suppression;;;
8842942;Suppression;;;
8736699;Suppression;;;
8609341;Suppression;;;
8642612;Suppression;;;
8511436;Suppression;;;
8590460;Suppression;;;
8622471;Suppression;;;
8577344;Suppression;;;
8642944;Suppression;;;
8748850;Suppression;;;
8585024;Suppression;;;
8585013;Suppression;;;
8647443;Suppression;;;
8583347;Suppression;;;
8560712;Suppression;;;
8590788;Suppression;;;
8519100;Suppression;;;
8502459;Suppression;;;
8588210;Suppression;;;
8748849;Suppression;;;
8622451;Suppression;;;
8868534;Suppression;;;
8515938;Suppression;;;
8594645;Suppression;;;
8642941;Suppression;;;
8651908;Suppression;;;
8753980;Suppression;;;
8697021;Suppression;;;
8511427;Suppression;;;
8736405;Suppression;;;
8585034;Suppression;;;
8511449;Suppression;;;
8590578;Suppression;;;
8543735;Suppression;;;
8643569;Suppression;;;
8642610;Suppression;;;
8511474;Suppression;;;
8683272;Suppression;;;
8577383;Suppression;;;
8560795;Suppression;;;
8625657;Suppression;;;
8594640;Suppression;;;
8519111;Suppression;;;
8611572;Suppression;;;
8659260;Suppression;;;
8519089;Suppression;;;
8518771;Suppression;;;
8590584;Suppression;;;
8504377;Suppression;;;
8552379;Suppression;;;
8622130;Suppression;;;
8591089;Suppression;;;
8621856;Suppression;;;
8640381;Suppression;;;
8560373;Suppression;;;
8590571;Suppression;;;
8594634;Suppression;;;
8622477;Suppression;;;
8590551;Suppression;;;
8740863;Suppression;;;
8641982;Suppression;;;
8615096;Suppression;;;
8651921;Suppression;;;
8546938;Suppression;;;
8622154;Suppression;;;
8740855;Suppression;;;
8647422;Suppression;;;
8560747;Suppression;;;
8585028;Suppression;;;
8736449;Suppression;;;
8560705;Suppression;;;
8736382;Suppression;;;
8654778;Suppression;;;
8683254;Suppression;;;
8621811;Suppression;;;
8627892;Suppression;;;
8590801;Suppression;;;
8594668;Suppression;;;
8642616;Suppression;;;
8736412;Suppression;;;
8511487;Suppression;;;
8502456;Suppression;;;
8712383;Suppression;;;
8614808;Suppression;;;
8744841;Suppression;;;
8594301;Suppression;;;
8639095;Suppression;;;
8624712;Suppression;;;
8683276;Suppression;;;
8502457;Suppression;;;
8614138;Suppression;;;
8497417;Suppression;;;
8560812;Suppression;;;
8557186;Suppression;;;
8736710;Suppression;;;
8546629;Suppression;;;
8583423;Suppression;;;
8527104;Suppression;;;
8637181;Suppression;;;
8560701;Suppression;;;
8527108;Suppression;;;
8615106;Suppression;;;
8651932;Suppression;;;
8616372;Suppression;;;
8511467;Suppression;;;
8647091;Suppression;;;
8587264;Suppression;;;
8590532;Suppression;;;
8647483;Suppression;;;
8594647;Suppression;;;
8560379;Suppression;;;
8502452;Suppression;;;
8546610;Suppression;;;
8736700;Suppression;;;
8625652;Suppression;;;
8651943;Suppression;;;
8712054;Suppression;;;
8590531;Suppression;;;
8736693;Suppression;;;
8560816;Suppression;;;
8611582;Suppression;;;
8583417;Suppression;;;
8640384;Suppression;;;
8712373;Suppression;;;
8736728;Suppression;;;
8546946;Suppression;;;
8560707;Suppression;;;
8533817;Suppression;;;
8546933;Suppression;;;
8651250;Suppression;;;
8560832;Suppression;;;
8546944;Suppression;;;
8533496;Suppression;;;
8574468;Suppression;;;
8684531;Suppression;;;
8503096;Suppression;;;
8515577;Suppression;;;
8647099;Suppression;;;
8622157;Suppression;;;
8736441;Suppression;;;
8659259;Suppression;;;
8560397;Suppression;;;
8682940;Suppression;;;
8643252;Suppression;;;
8622473;Suppression;;;
8560809;Suppression;;;
8497396;Suppression;;;
8590475;Suppression;;;
8911409;Suppression;;;
8504064;Suppression;;;
8637532;Suppression;;;
8583416;Suppression;;;
8621813;Suppression;;;
8614799;Suppression;;;
8753657;Suppression;;;
8682938;Suppression;;;
8584373;Suppression;;;
8737336;Suppression;;;
8585035;Suppression;;;
8497382;Suppression;;;
8560802;Suppression;;;
8515894;Suppression;;;
8647104;Suppression;;;
8515570;Suppression;;;
8549813;Suppression;;;
8625656;Suppression;;;
8543095;Suppression;;;
8736453;Suppression;;;
8590577;Suppression;;;
8696370;Suppression;;;
8622461;Suppression;;;
8641018;Suppression;;;
8594625;Suppression;;;
8504054;Suppression;;;
8585039;Suppression;;;
8609332;Suppression;;;
8641041;Suppression;;;
8642301;Suppression;;;
8641035;Suppression;;;
8527098;Suppression;;;
8543782;Suppression;;;
8550129;Suppression;;;
8577009;Suppression;;;
8736381;Suppression;;;
8554615;Suppression;;;
8594639;Suppression;;;
8647095;Suppression;;;
8683273;Suppression;;;
8515940;Suppression;;;
8497366;Suppression;;;
8641017;Suppression;;;
8584370;Suppression;;;
8518781;Suppression;;;
8987898;Suppression;;;
8560788;Suppression;;;
8659263;Suppression;;;
8647427;Suppression;;;
8637492;Suppression;;;
8622457;Suppression;;;
8622146;Suppression;;;
8621846;Suppression;;;
8647101;Suppression;;;
8557200;Suppression;;;
8560396;Suppression;;;
8550130;Suppression;;;
8627889;Suppression;;;
8640376;Suppression;;;
8753655;Suppression;;;
8622449;Suppression;;;
8641012;Suppression;;;
8740530;Suppression;;;
8511428;Suppression;;;
8643262;Suppression;;;
8497361;Suppression;;;
8518777;Suppression;;;
8609022;Suppression;;;
8736061;Suppression;;;
8587573;Suppression;;;
8546948;Suppression;;;
8615113;Suppression;;;
8643581;Suppression;;;
8622142;Suppression;;;
8504691;Suppression;;;
8543742;Suppression;;;
8642303;Suppression;;;
8511457;Suppression;;;
8651257;Suppression;;;
8560763;Suppression;;;
8515917;Suppression;;;
8736406;Suppression;;;
8552373;Suppression;;;
8577014;Suppression;;;
8638450;Suppression;;;
8590565;Suppression;;;
8527097;Suppression;;;
8624713;Suppression;;;
8640380;Suppression;;;
8659889;Suppression;;;
8543741;Suppression;;;
8543767;Suppression;;;
8515596;Suppression;;;
8590512;Suppression;;;
8522618;Suppression;;;
8736057;Suppression;;;
8609981;Suppression;;;
8626938;Suppression;;;
8560369;Suppression;;;
8622467;Suppression;;;
8585065;Suppression;;;
8543768;Suppression;;;
8590497;Suppression;;;
8640701;Suppression;;;
8590812;Suppression;;;
8543774;Suppression;;;
8642940;Suppression;;;
8504702;Suppression;;;
8502454;Suppression;;;
8736445;Suppression;;;
8641971;Suppression;;;
8609339;Suppression;;;
8497342;Suppression;;;
8651936;Suppression;;;
8712375;Suppression;;;
8515584;Suppression;;;
8611580;Suppression;;;
8560757;Suppression;;;
8497425;Suppression;;;
8590810;Suppression;;;
8552701;Suppression;;;
8560706;Suppression;;;
8511475;Suppression;;;
8587249;Suppression;;;
8614810;Suppression;;;
8560710;Suppression;;;
8614787;Suppression;;;
8515927;Suppression;;;
8609014;Suppression;;;
8511480;Suppression;;;
8641036;Suppression;;;
8560691;Suppression;;;
8503098;Suppression;;;
8560761;Suppression;;;
8712372;Suppression;;;
8652530;Suppression;;;
8615121;Suppression;;;
8587570;Suppression;;;
8590477;Suppression;;;
8590494;Suppression;;;
8533848;Suppression;;;
8590518;Suppression;;;
8682939;Suppression;;;
8626290;Suppression;;;
8594670;Suppression;;;
8546638;Suppression;;;
8736370;Suppression;;;
8637494;Suppression;;;
8533844;Suppression;;;
8642943;Suppression;;;
8514936;Suppression;;;
8577336;Suppression;;;
8560760;Suppression;;;
8515918;Suppression;;;
8543779;Suppression;;;
8643579;Suppression;;;
8533852;Suppression;;;
8496700;Suppression;;;
8609351;Suppression;;;
8577360;Suppression;;;
8712380;Suppression;;;
8609340;Suppression;;;
8651251;Suppression;;;
8625659;Suppression;;;
8712060;Suppression;;;
8736450;Suppression;;;
8527110;Suppression;;;
8647458;Suppression;;;
8740849;Suppression;;;
8594636;Suppression;;;
8588854;Suppression;;;
8736726;Suppression;;;
8590468;Suppression;;;
8515571;Suppression;;;
8736392;Suppression;;;
8736424;Suppression;;;
8522630;Suppression;;;
8562430;Suppression;;;
8640378;Suppression;;;
8590832;Suppression;;;
8753982;Suppression;;;
8637517;Suppression;;;
8659264;Suppression;;;
8560735;Suppression;;;
8737334;Suppression;;;
8740872;Suppression;;;
8641043;Suppression;;;
8590533;Suppression;;;
8642623;Suppression;;;
8550133;Suppression;;;
8515594;Suppression;;;
8637530;Suppression;;;
8515921;Suppression;;;
8651938;Suppression;;;
8587577;Suppression;;;
8543729;Suppression;;;
8497350;Suppression;;;
8647102;Suppression;;;
8515934;Suppression;;;
8590486;Suppression;;;
8590787;Suppression;;;
8496703;Suppression;;;
8546953;Suppression;;;
8560734;Suppression;;;
8560752;Suppression;;;
8753340;Suppression;;;
8519090;Suppression;;;
8511499;Suppression;;;
8546949;Suppression;;;
8609353;Suppression;;;
8527133;Suppression;;;
8639091;Suppression;;;
8526450;Suppression;;;
8736736;Suppression;;;
8560749;Suppression;;;
8652531;Suppression;;;
8543778;Suppression;;;
8562421;Suppression;;;
8712064;Suppression;;;
8642935;Suppression;;;
8527117;Suppression;;;
8624719;Suppression;;;
8614130;Suppression;;;
8683257;Suppression;;;
8502458;Suppression;;;
8647439;Suppression;;;
8642942;Suppression;;;
8497356;Suppression;;;
8522619;Suppression;;;
8641044;Suppression;;;
8560410;Suppression;;;
8511486;Suppression;;;
8577020;Suppression;;;
8614144;Suppression;;;
8497360;Suppression;;;
8497401;Suppression;;;
8560694;Suppression;;;
8584376;Suppression;;;
8611894;Suppression;;;
8647412;Suppression;;;
8614772;Suppression;;;
8594632;Suppression;;;
8504698;Suppression;;;
8564856;Suppression;;;
8594644;Suppression;;;
8515583;Suppression;;;
8637520;Suppression;;;
8560692;Suppression;;;
8511484;Suppression;;;
8560774;Suppression;;;
8560784;Suppression;;;
8683249;Suppression;;;
8647413;Suppression;;;
8696377;Suppression;;;
8588215;Suppression;;;
8842943;Suppression;;;
8590456;Suppression;;;
8560689;Suppression;;;
8560820;Suppression;;;
8683263;Suppression;;;
8622469;Suppression;;;
8753337;Suppression;;;
8590459;Suppression;;;
8736443;Suppression;;;
8515898;Suppression;;;
8614781;Suppression;;;
8560690;Suppression;;;
8527089;Suppression;;;
8753333;Suppression;;;
8497416;Suppression;;;
8515899;Suppression;;;
8560825;Suppression;;;
8637512;Suppression;;;
8740541;Suppression;;;
8546626;Suppression;;;
8638138;Suppression;;;
8497368;Suppression;;;
8515920;Suppression;;;
8585066;Suppression;;;
8643574;Suppression;;;
8497439;Suppression;;;
8596855;Suppression;;;
8580544;Suppression;;;
8647418;Suppression;;;
8609018;Suppression;;;
8736393;Suppression;;;
8614140;Suppression;;;
8497331;Suppression;;;
8583414;Suppression;;;
8736702;Suppression;;;
8497429;Suppression;;;
8647494;Suppression;;;
8511411;Suppression;;;
8702129;Suppression;;;
8594295;Suppression;;;
8560739;Suppression;;;
8641032;Suppression;;;
8647492;Suppression;;;
8549814;Suppression;;;
8527107;Suppression;;;
8543751;Suppression;;;
8647432;Suppression;;;
8637182;Suppression;;;
8590563;Suppression;;;
8560770;Suppression;;;
8637489;Suppression;;;
8577345;Suppression;;;
8497340;Suppression;;;
8543097;Suppression;;;
8502450;Suppression;;;
8546622;Suppression;;;
8522627;Suppression;;;
8546623;Suppression;;;
8637518;Suppression;;;
8577335;Suppression;;;
8499890;Suppression;;;
8497383;Suppression;;;
8615112;Suppression;;;
8647094;Suppression;;;
8637171;Suppression;;;
8712059;Suppression;;;
8511455;Suppression;;;
8564854;Suppression;;;
8590538;Suppression;;;
8557189;Suppression;;;
8515923;Suppression;;;
8497357;Suppression;;;
8611574;Suppression;;;
8615111;Suppression;;;
8625661;Suppression;;;
8987897;Suppression;;;
8637511;Suppression;;;
8611577;Suppression;;;
8543795;Suppression;;;
8615094;Suppression;;;
8625664;Suppression;;;
8621839;Suppression;;;
8577363;Suppression;;;
8616371;Suppression;;;
8609335;Suppression;;;
8611896;Suppression;;;
8502461;Suppression;;;
8641010;Suppression;;;
8611578;Suppression;;;
8597809;Suppression;;;
8643577;Suppression;;;
8533853;Suppression;;;
8543104;Suppression;;;
8641984;Suppression;;;
8590805;Suppression;;;
8642289;Suppression;;;
8543736;Suppression;;;
8594646;Suppression;;;
8622133;Suppression;;;
8622453;Suppression;;;
8646782;Suppression;;;
8560769;Suppression;;;
8515260;Suppression;;;
8590822;Suppression;;;
8744845;Suppression;;;
8736401;Suppression;;;
8622135;Suppression;;;
8684529;Suppression;;;
8511481;Suppression;;;
8637527;Suppression;;;
8594657;Suppression;;;
8511446;Suppression;;;
8594291;Suppression;;;
8511497;Suppression;;;
8590528;Suppression;;;
8543090;Suppression;;;
8647098;Suppression;;;
8647415;Suppression;;;
8624708;Suppression;;;
8736051;Suppression;;;
8741175;Suppression;;;
8642934;Suppression;;;
8647445;Suppression;;;
8560740;Suppression;;;
8552702;Suppression;;;
8624709;Suppression;;;
8641969;Suppression;;;
8651906;Suppression;;;
8712371;Suppression;;;
8588211;Suppression;;;
8646783;Suppression;;;
8638142;Suppression;;;
8614809;Suppression;;;
8736060;Suppression;;;
8637528;Suppression;;;
8585036;Suppression;;;
8596850;Suppression;;;
8622138;Suppression;;;
8712377;Suppression;;;
8712055;Suppression;;;
8515580;Suppression;;;
8744843;Suppression;;;
8527102;Suppression;;;
8594297;Suppression;;;
8683255;Suppression;;;
8615130;Suppression;;;
8533495;Suppression;;;
8527101;Suppression;;;
8609346;Suppression;;;
8609343;Suppression;;;
8546637;Suppression;;;
8615118;Suppression;;;
8583412;Suppression;;;
8549820;Suppression;;;
8647465;Suppression;;;
8533498;Suppression;;;
8621504;Suppression;;;
8497389;Suppression;;;
8736696;Suppression;;;
8562429;Suppression;;;
8609358;Suppression;;;
8637514;Suppression;;;
8611890;Suppression;;;
8560786;Suppression;;;
8736049;Suppression;;;
8735422;Suppression;;;
8497332;Suppression;;;
8511483;Suppression;;;
8590776;Suppression;;;
8590513;Suppression;;;
8585061;Suppression;;;
8515263;Suppression;;;
8511430;Suppression;;;
8552384;Suppression;;;
8683277;Suppression;;;
8497378;Suppression;;;
8515251;Suppression;;;
8626936;Suppression;;;
8552375;Suppression;;;
8519096;Suppression;;;
8552694;Suppression;;;
8647414;Suppression;;;
8585052;Suppression;;;
8624711;Suppression;;;
8712057;Suppression;;;
8637510;Suppression;;;
8588224;Suppression;;;
8511476;Suppression;;;
8557187;Suppression;;;
8590455;Suppression;;;
8637495;Suppression;;;
8590537;Suppression;;;
8753981;Suppression;;;
8609331;Suppression;;;
8624720;Suppression;;;
8496696;Suppression;;;
8511454;Suppression;;;
8659253;Suppression;;;
8625649;Suppression;;;
8651946;Suppression;;;
8511419;Suppression;;;
8611893;Suppression;;;
8560709;Suppression;;;
8522629;Suppression;;;
8736714;Suppression;;;
8659261;Suppression;;;
8712062;Suppression;;;
8637513;Suppression;;;
8577385;Suppression;;;
8637521;Suppression;;;
8696382;Suppression;;;
8515939;Suppression;;;
8550784;Suppression;;;
8519101;Suppression;;;
8511410;Suppression;;;
8647451;Suppression;;;
8740859;Suppression;;;
8560384;Suppression;;;
8736698;Suppression;;;
8684530;Suppression;;;
8736056;Suppression;;;
8511433;Suppression;;;
8497365;Suppression;;;
8497330;Suppression;;;
8560696;Suppression;;;
8736389;Suppression;;;
8615093;Suppression;;;
8590507;Suppression;;;
8611891;Suppression;;;
8499897;Suppression;;;
8519093;Suppression;;;
8753662;Suppression;;;
8557197;Suppression;;;
8697027;Suppression;;;
8594667;Suppression;;;
8585057;Suppression;;;
8736719;Suppression;;;
8645489;Suppression;;;
8627898;Suppression;;;
8554620;Suppression;;;
8736734;Suppression;;;
8849009;Suppression;;;
8585059;Suppression;;;
8590559;Suppression;;;
8560723;Suppression;;;
8552690;Suppression;;;
8527111;Suppression;;;
8647454;Suppression;;;
8560722;Suppression;;;
8712381;Suppression;;;
8590530;Suppression;;;
8590797;Suppression;;;
8614134;Suppression;;;
8496697;Suppression;;;
8614795;Suppression;;;
8647100;Suppression;;;
8577374;Suppression;;;
8533822;Suppression;;;
8622463;Suppression;;;
8562420;Suppression;;;
8696375;Suppression;;;
8736411;Suppression;;;
8842941;Suppression;;;
8846131;Suppression;;;
8515599;Suppression;;;
8614133;Suppression;;;
8647420;Suppression;;;
8511418;Suppression;;;
8741174;Suppression;;;
8615109;Suppression;;;
8697019;Suppression;;;
8560409;Suppression;;;
8645490;Suppression;;;
8696381;Suppression;;;
8752698;Suppression;;;
8560813;Suppression;;;
8549822;Suppression;;;
8515922;Suppression;;;
8697009;Suppression;;;
8585012;Suppression;;;
8515919;Suppression;;;
8736376;Suppression;;;
8515598;Suppression;;;
8511420;Suppression;;;
8647475;Suppression;;;
8527121;Suppression;;;
8588221;Suppression;;;
8511432;Suppression;;;
8614141;Suppression;;;
8619571;Suppression;;;
8590524;Suppression;;;
8736717;Suppression;;;
8511491;Suppression;;;
8740866;Suppression;;;
8546301;Suppression;;;
8736372;Suppression;;;
8515914;Suppression;;;
560166;Suppression;;;
8514933;Suppression;;;
8511471;Suppression;;;
8736694;Suppression;;;
8562426;Suppression;;;
8560731;Suppression;;;
8594652;Suppression;;;
8560405;Suppression;;;
8594661;Suppression;;;
8533841;Suppression;;;
8740868;Suppression;;;
8497345;Suppression;;;
8651912;Suppression;;;
8511431;Suppression;;;
8736403;Suppression;;;
8643580;Suppression;;;
8614785;Suppression;;;
8642615;Suppression;;;
8546960;Suppression;;;
8712050;Suppression;;;
8543762;Suppression;;;
8503100;Suppression;;;
8511498;Suppression;;;
8736457;Suppression;;;
8560407;Suppression;;;
8533815;Suppression;;;
8515929;Suppression;;;
8585067;Suppression;;;
8527132;Suppression;;;
8651258;Suppression;;;
8504694;Suppression;;;
8615089;Suppression;;;
8546628;Suppression;;;
8622129;Suppression;;;
8585051;Suppression;;;
8736436;Suppression;;;
8736729;Suppression;;;
8748851;Suppression;;;
8609011;Suppression;;;
8614800;Suppression;;;
8641020;Suppression;;;
8590582;Suppression;;;
8546290;Suppression;;;
8641977;Suppression;;;
8697020;Suppression;;;
8548536;Suppression;;;
8590811;Suppression;;;
8651917;Suppression;;;
8560732;Suppression;;;
8590575;Suppression;;;
8647469;Suppression;;;
8643251;Suppression;;;
8499896;Suppression;;;
8560389;Suppression;;;
8609355;Suppression;;;
8736716;Suppression;;;
8543092;Suppression;;;
8736690;Suppression;;;
8736396;Suppression;;;
8637491;Suppression;;;
8588217;Suppression;;;
8560406;Suppression;;;
8587256;Suppression;;;
8590807;Suppression;;;
8577350;Suppression;;;
8736464;Suppression;;;
8499889;Suppression;;;
8560773;Suppression;;;
8622141;Suppression;;;
8560697;Suppression;;;
8609363;Suppression;;;
8587578;Suppression;;;
8543783;Suppression;;;
8543777;Suppression;;;
8646780;Suppression;;;
8736388;Suppression;;;
8561010;Suppression;;;
8560414;Suppression;;;
8584372;Suppression;;;
8594637;Suppression;;;
8497387;Suppression;;;
8614797;Suppression;;;
8577358;Suppression;;;
8740533;Suppression;;;
8543773;Suppression;;;
8549818;Suppression;;;
8609360;Suppression;;;
8546942;Suppression;;;
8614816;Suppression;;;
8637176;Suppression;;;
8511492;Suppression;;;
8609350;Suppression;;;
8736708;Suppression;;;
8736402;Suppression;;;
8594669;Suppression;;;
8520372;Suppression;;;
8497398;Suppression;;;
8609348;Suppression;;;
8651923;Suppression;;;
8651930;Suppression;;;
8546941;Suppression;;;
8614135;Suppression;;;
8514935;Suppression;;;
8522615;Suppression;;;
8583410;Suppression;;;
8560399;Suppression;;;
8503089;Suppression;;;
8497394;Suppression;;;
8527126;Suppression;;;
8511470;Suppression;;;
8527118;Suppression;;;
8526463;Suppression;;;
8546952;Suppression;;;
8560829;Suppression;;;
8549816;Suppression;;;
8753336;Suppression;;;
8736064;Suppression;;;
8753974;Suppression;;;
8543765;Suppression;;;
8515932;Suppression;;;
8684533;Suppression;;;
8626941;Suppression;;;
8590796;Suppression;;;
8609352;Suppression;;;
8642937;Suppression;;;
8627890;Suppression;;;
8504704;Suppression;;;
8609980;Suppression;;;
8651914;Suppression;;;
8647491;Suppression;;;
8504374;Suppression;;;
8560695;Suppression;;;
8643256;Suppression;;;
8499899;Suppression;;;
8519118;Suppression;;;
8515912;Suppression;;;
8614779;Suppression;;;
8560744;Suppression;;;
8641049;Suppression;;;
8615099;Suppression;;;
8546931;Suppression;;;
8682934;Suppression;;;
8543089;Suppression;;;
8639089;Suppression;;;
8596854;Suppression;;;
8614139;Suppression;;;
8641014;Suppression;;;
8649010;Suppression;;;
8543763;Suppression;;;
8515256;Suppression;;;
8846133;Suppression;;;
8546633;Suppression;;;
8515904;Suppression;;;
8637174;Suppression;;;
8658304;Suppression;;;
8515585;Suppression;;;
8614814;Suppression;;;
8590465;Suppression;;;
8526458;Suppression;;;
8511443;Suppression;;;
8597810;Suppression;;;
8543788;Suppression;;;
8594642;Suppression;;;
8587262;Suppression;;;
8712379;Suppression;;;
8560413;Suppression;;;
8515915;Suppression;;;
8889013;Suppression;;;
8588856;Suppression;;;
8585062;Suppression;;;
8651934;Suppression;;;
8638140;Suppression;;;
8560827;Suppression;;;
8641023;Suppression;;;
8543749;Suppression;;;
8753339;Suppression;;;
8748853;Suppression;;;
8520369;Suppression;;;
8552703;Suppression;;;
8562428;Suppression;;;
8740852;Suppression;;;
8503097;Suppression;;;
8515575;Suppression;;;
8594649;Suppression;;;
8609354;Suppression;;;
8519098;Suppression;;;
8554611;Suppression;;;
8515890;Suppression;;;
8497344;Suppression;;;
8552697;Suppression;;;
8522617;Suppression;;;
8557195;Suppression;;;
8546934;Suppression;;;
8622459;Suppression;;;
8683253;Suppression;;;
8511472;Suppression;;;
8511495;Suppression;;;
8736706;Suppression;;;
8594633;Suppression;;;
8560797;Suppression;;;
8497444;Suppression;;;
8590798;Suppression;;;
8736738;Suppression;;;
8546935;Suppression;;;
8588214;Suppression;;;
8520374;Suppression;;;
8543732;Suppression;;;
8637502;Suppression;;;
8515595;Suppression;;;
8546929;Suppression;;;
8526457;Suppression;;;
8560371;Suppression;;;
8527130;Suppression;;;
8736454;Suppression;;;
8641038;Suppression;;;
8527099;Suppression;;;
8987893;Suppression;;;
8609370;Suppression;;;
8736390;Suppression;;;
8560780;Suppression;;;
8560717;Suppression;;;
8647446;Suppression;;;
8554622;Suppression;;;
8647447;Suppression;;;
8651913;Suppression;;;
8683251;Suppression;;;
8736399;Suppression;;;
8647450;Suppression;;;
8594666;Suppression;;;
8740535;Suppression;;;
8614770;Suppression;;;
8736721;Suppression;;;
8564852;Suppression;;;
8637184;Suppression;;;
8515891;Suppression;;;
8560381;Suppression;;;
8560412;Suppression;;;
8574455;Suppression;;;
8546293;Suppression;;;
8585060;Suppression;;;
8651937;Suppression;;;
8560783;Suppression;;;
8584378;Suppression;;;
8515911;Suppression;;;
8614813;Suppression;;;
8712370;Suppression;;;
8511490;Suppression;;;
8624716;Suppression;;;
8590496;Suppression;;;
8590590;Suppression;;;
8560776;Suppression;;;
8497388;Suppression;;;
8497403;Suppression;;;
8526455;Suppression;;;
8740544;Suppression;;;
8497436;Suppression;;;
8496691;Suppression;;;
8736062;Suppression;;;
8504690;Suppression;;;
8615129;Suppression;;;
8647471;Suppression;;;
8560400;Suppression;;;
8590525;Suppression;;;
8590505;Suppression;;;
8642938;Suppression;;;
8626943;Suppression;;;
8546639;Suppression;;;
8609368;Suppression;;;
8560800;Suppression;;;
8643572;Suppression;;;
8625655;Suppression;;;
8519113;Suppression;;;
8497435;Suppression;;;
8533850;Suppression;;;
8504703;Suppression;;;
8614782;Suppression;;;
8590536;Suppression;;;
8583420;Suppression;;;
8670781;Suppression;;;
8753660;Suppression;;;
8736410;Suppression;;;
8549811;Suppression;;;
8543801;Suppression;;;
8518778;Suppression;;;
8736407;Suppression;;;
8552695;Suppression;;;
8546932;Suppression;;;
8560375;Suppression;;;
8639102;Suppression;;;
8577016;Suppression;;;
8639100;Suppression;;;
8533821;Suppression;;;
8560794;Suppression;;;
8590552;Suppression;;;
8577354;Suppression;;;
8614806;Suppression;;;
8590795;Suppression;;;
8641034;Suppression;;;
8577373;Suppression;;;
8622455;Suppression;;;
8511450;Suppression;;;
8520381;Suppression;;;
8496692;Suppression;;;
8736377;Suppression;;;
8574461;Suppression;;;
8564858;Suppression;;;
8497414;Suppression;;;
8659895;Suppression;;;
8621492;Suppression;;;
8651259;Suppression;;;
8647409;Suppression;;;
8533490;Suppression;;;
8611584;Suppression;;;
8515903;Suppression;;;
8638135;Suppression;;;
8684532;Suppression;;;
8580543;Suppression;;;
8533500;Suppression;;;
8736437;Suppression;;;
8546304;Suppression;;;
8543754;Suppression;;;
8647484;Suppression;;;
8522616;Suppression;;;
8590574;Suppression;;;
8515258;Suppression;;;
8504380;Suppression;;;
8527090;Suppression;;;
8560378;Suppression;;;
8643254;Suppression;;;
8622137;Suppression;;;
8637531;Suppression;;;
8552378;Suppression;;;
8590489;Suppression;;;
8543797;Suppression;;;
8736380;Suppression;;;
8497423;Suppression;;;
8562422;Suppression;;;
8560805;Suppression;;;
8587260;Suppression;;;
8615125;Suppression;;;
8552374;Suppression;;;
8611571;Suppression;;;
8647431;Suppression;;;
8647089;Suppression;;;
8560767;Suppression;;;
8642933;Suppression;;;
8696373;Suppression;;;
8560383;Suppression;;;
8596852;Suppression;;;
8594663;Suppression;;;
8522634;Suppression;;;
8736435;Suppression;;;
8497405;Suppression;;;
8496690;Suppression;;;
8590547;Suppression;;;
8611570;Suppression;;;
8560398;Suppression;;;
8518775;Suppression;;;
8659256;Suppression;;;
8647476;Suppression;;;
8993970;Suppression;;;
8638137;Suppression;;;
8652532;Suppression;;;
8543098;Suppression;;;
8594659;Suppression;;;
8641052;Suppression;;;
8712053;Suppression;;;
8651261;Suppression;;;
8590560;Suppression;;;
8574466;Suppression;;;
8511468;Suppression;;;
8577375;Suppression;;;
8697015;Suppression;;;
8527093;Suppression;;;
8624718;Suppression;;;
8736418;Suppression;;;
8515597;Suppression;;;
8651263;Suppression;;;
8332211;Suppression;;;
8519109;Suppression;;;
8654777;Suppression;;;
8590520;Suppression;;;
8543744;Suppression;;;
8647456;Suppression;;;
8627893;Suppression;;;
8736709;Suppression;;;
8543750;Suppression;;;
8753663;Suppression;;;
8497393;Suppression;;;
8647437;Suppression;;;
8614796;Suppression;;;
8560807;Suppression;;;
8574449;Suppression;;;
8736414;Suppression;;;
8615102;Suppression;;;
8515579;Suppression;;;
8682941;Suppression;;;
8609369;Suppression;;;
8511409;Suppression;;;
8590458;Suppression;;;
8511485;Suppression;;;
8511429;Suppression;;;
8987899;Suppression;;;
8546943;Suppression;;;
8609979;Suppression;;;
8736430;Suppression;;;
8562424;Suppression;;;
8577017;Suppression;;;
8497371;Suppression;;;
8590453;Suppression;;;
8753332;Suppression;;;
8736460;Suppression;;;
8658303;Suppression;;;
8560766;Suppression;;;
8590482;Suppression;;;
8736458;Suppression;;;
8574453;Suppression;;;
8497349;Suppression;;;
8560711;Suppression;;;
8519092;Suppression;;;
8520379;Suppression;;;
8637170;Suppression;;;
8543781;Suppression;;;
8643583;Suppression;;;
8587582;Suppression;;;
8594671;Suppression;;;
8511424;Suppression;;;
8590510;Suppression;;;
8497334;Suppression;;;
8621853;Suppression;;;
8588223;Suppression;;;
8543790;Suppression;;;
8543093;Suppression;;;
8519115;Suppression;;;
8519095;Suppression;;;
8574452;Suppression;;;
8736444;Suppression;;;
8609359;Suppression;;;
8515910;Suppression;;;
8577022;Suppression;;;
8647103;Suppression;;;
8615110;Suppression;;;
8737333;Suppression;;;
8590511;Suppression;;;
8627891;Suppression;;;
8622458;Suppression;;;
8560743;Suppression;;;
8504057;Suppression;;;
8585069;Suppression;;;
8511447;Suppression;;;
8543800;Suppression;;;
8609976;Suppression;;;
8642614;Suppression;;;
8637183;Suppression;;;
8585025;Suppression;;;
8740538;Suppression;;;
8560778;Suppression;;;
8683261;Suppression;;;
8515589;Suppression;;;
8583345;Suppression;;;
8503091;Suppression;;;
8682935;Suppression;;;
8560713;Suppression;;;
8590782;Suppression;;;
8546612;Suppression;;;
8504376;Suppression;;;
8609337;Suppression;;;
8504384;Suppression;;;
8641975;Suppression;;;
8519120;Suppression;;;
8574471;Suppression;;;
8560699;Suppression;;;
8560791;Suppression;;;
8590450;Suppression;;;
8642613;Suppression;;;
8740858;Suppression;;;
8647479;Suppression;;;
8615127;Suppression;;;
8643578;Suppression;;;
8574463;Suppression;;;
8504055;Suppression;;;
8511421;Suppression;;;
8621844;Suppression;;;
8560716;Suppression;;;
8647424;Suppression;;;
8543752;Suppression;;;
8594294;Suppression;;;
8557190;Suppression;;;
8683260;Suppression;;;
8736715;Suppression;;;
8560806;Suppression;;;
8651931;Suppression;;;
8584379;Suppression;;;
8577011;Suppression;;;
8585042;Suppression;;;
8621855;Suppression;;;
8697028;Suppression;;;
8614778;Suppression;;;
8642290;Suppression;;;
8647442;Suppression;;;
8740869;Suppression;;;
8736404;Suppression;;;
8638136;Suppression;;;
8736695;Suppression;;;
8554617;Suppression;;;
8577329;Suppression;;;
8590473;Suppression;;;
8497409;Suppression;;;
8903409;Suppression;;;
8560415;Suppression;;;
8546624;Suppression;;;
8740534;Suppression;;;
8527125;Suppression;;;
8659902;Suppression;;;
8736059;Suppression;;;
8660212;Suppression;;;
8590566;Suppression;;;
8543747;Suppression;;;
8588209;Suppression;;;
8753338;Suppression;;;
8741173;Suppression;;;
8622143;Suppression;;;
8560376;Suppression;;;
8849011;Suppression;;;
8987894;Suppression;;;
8560808;Suppression;;;
8526460;Suppression;;;
8560718;Suppression;;;
8614794;Suppression;;;
8518783;Suppression;;;
8590519;Suppression;;;
8499898;Suppression;;;
8643584;Suppression;;;
8626932;Suppression;;;
8497433;Suppression;;;
8560729;Suppression;;;
8527092;Suppression;;;
8614780;Suppression;;;
8497441;Suppression;;;
8515895;Suppression;;;
8682930;Suppression;;;
8637180;Suppression;;;
8753984;Suppression;;;
8590580;Suppression;;;
8497418;Suppression;;;
8497395;Suppression;;;
8736373;Suppression;;;
8497337;Suppression;;;
8614137;Suppression;;;
8583349;Suppression;;;
8560819;Suppression;;;
8621496;Suppression;;;
8647421;Suppression;;;
8696374;Suppression;;;
8659262;Suppression;;;
8585037;Suppression;;;
8497348;Suppression;;;
8543096;Suppression;;;
8497426;Suppression;;;
8587251;Suppression;;;
8637524;Suppression;;;
8647487;Suppression;;;
8697022;Suppression;;;
8744848;Suppression;;;
8511479;Suppression;;;
8741171;Suppression;;;
8504379;Suppression;;;
8527106;Suppression;;;
8683269;Suppression;;;
8898290;Suppression;;;
8560789;Suppression;;;
8546294;Suppression;;;
8622144;Suppression;;;
8626935;Suppression;;;
8622155;Suppression;;;
8560719;Suppression;;;
8744847;Suppression;;;
8590508;Suppression;;;
8511426;Suppression;;;
8497333;Suppression;;;
8642624;Suppression;;;
8736438;Suppression;;;
8515590;Suppression;;;
8614807;Suppression;;;
8651944;Suppression;;;
8684534;Suppression;;;
8736739;Suppression;;;
8533493;Suppression;;;
8511482;Suppression;;;
8552369;Suppression;;;
8552382;Suppression;;;
8557196;Suppression;;;
8497338;Suppression;;;
8585045;Suppression;;;
8651918;Suppression;;;
8647434;Suppression;;;
8590485;Suppression;;;
8511439;Suppression;;;
8533812;Suppression;;;
8497434;Suppression;;;
8643255;Suppression;;;
8585064;Suppression;;;
8543100;Suppression;;;
8736732;Suppression;;;
8647470;Suppression;;;
8504695;Suppression;;;
8594298;Suppression;;;
8626940;Suppression;;;
8637504;Suppression;;;
8590539;Suppression;;;
8637509;Suppression;;;
8520383;Suppression;;;
8511451;Suppression;;;
8546625;Suppression;;;
8645494;Suppression;;;
8590778;Suppression;;;
8519099;Suppression;;;
8590570;Suppression;;;
8647482;Suppression;;;
8522612;Suppression;;;
8587574;Suppression;;;
8621809;Suppression;;;
8642929;Suppression;;;
8621815;Suppression;;;
8615095;Suppression;;;
8590808;Suppression;;;
8588219;Suppression;;;
8497406;Suppression;;;
8622149;Suppression;;;
8515593;Suppression;;;
8614805;Suppression;;;
8503104;Suppression;;;
8590802;Suppression;;;
8552376;Suppression;;;
8736055;Suppression;;;
8647477;Suppression;;;
8543785;Suppression;;;
8753975;Suppression;;;
8585046;Suppression;;;
8641021;Suppression;;;
8609356;Suppression;;;
8744844;Suppression;;;
8647436;Suppression;;;
8646784;Suppression;;;
8520382;Suppression;;;
8708535;Suppression;;;
8614773;Suppression;;;
8609023;Suppression;;;
8842940;Suppression;;;
8515581;Suppression;;;
8549819;Suppression;;;
8585055;Suppression;;;
8736451;Suppression;;;
8560372;Suppression;;;
8552698;Suppression;;;
8504373;Suppression;;;
8736697;Suppression;;;
8621852;Suppression;;;
8585010;Suppression;;;
8585053;Suppression;;;
8590488;Suppression;;;
8497367;Suppression;;;
8649009;Suppression;;;
8519112;Suppression;;;
8609357;Suppression;;;
8511459;Suppression;;;
8609009;Suppression;;;
8682929;Suppression;;;
8737341;Suppression;;;
8647455;Suppression;;;
8622468;Suppression;;;
8583350;Suppression;;;
8574469;Suppression;;;
8641011;Suppression;;;
8511494;Suppression;;;
8898292;Suppression;;;
8497381;Suppression;;;
8585009;Suppression;;;
8577381;Suppression;;;
8577010;Suppression;;;
8514932;Suppression;;;
8641979;Suppression;;;
8515901;Suppression;;;
8577346;Suppression;;;
8590806;Suppression;;;
8697017;Suppression;;;
8659893;Suppression;;;
8560708;Suppression;;;
8625663;Suppression;;;
8522614;Suppression;;;
8514938;Suppression;;;
8585050;Suppression;;;
8615114;Suppression;;;
8609344;Suppression;;;
8504063;Suppression;;;
8640700;Suppression;;;
8621842;Suppression;;;
8622159;Suppression;;;
8647096;Suppression;;;
8614775;Suppression;;;
8533497;Suppression;;;
8497354;Suppression;;;
8550132;Suppression;;;
8497440;Suppression;;;
8504382;Suppression;;;
8564860;Suppression;;;
8554616;Suppression;;;
8736463;Suppression;;;
8647488;Suppression;;;
8574460;Suppression;;;
8609024;Suppression;;;
8587253;Suppression;;;
8637508;Suppression;;;
8585038;Suppression;;;
8647457;Suppression;;;
8548538;Suppression;;;
8554614;Suppression;;;
8594628;Suppression;;;
8590583;Suppression;;;
8590550;Suppression;;;
8624710;Suppression;;;
8583421;Suppression;;;
8543756;Suppression;;;
8753658;Suppression;;;
8511473;Suppression;;;
8651924;Suppression;;;
8560785;Suppression;;;
8543758;Suppression;;;
8504049;Suppression;;;
8587263;Suppression;;;
8502451;Suppression;;;
8574465;Suppression;;;
8585027;Suppression;;;
8639103;Suppression;;;
8497400;Suppression;;;
8637172;Suppression;;;
8736422;Suppression;;;
8590502;Suppression;;;
8622472;Suppression;;;
8533849;Suppression;;;
8647425;Suppression;;;
8497404;Suppression;;;
8522635;Suppression;;;
8647489;Suppression;;;
8615116;Suppression;;;
8594631;Suppression;;;
8560380;Suppression;;;
8594299;Suppression;;;
8560377;Suppression;;;
8615115;Suppression;;;
8641016;Suppression;;;
8590472;Suppression;;;
8621840;Suppression;;;
8640697;Suppression;;;
8637500;Suppression;;;
8736723;Suppression;;;
8615119;Suppression;;;
8497355;Suppression;;;
8526462;Suppression;;;
8560374;Suppression;;;
8577382;Suppression;;;
8609349;Suppression;;;
8515937;Suppression;;;
8736705;Suppression;;;
8614776;Suppression;;;
8585014;Suppression;;;
8560750;Suppression;;;
8702133;Suppression;;;
8736707;Suppression;;;
8641030;Suppression;;;
8560392;Suppression;;;
8647417;Suppression;;;
8647444;Suppression;;;
8533855;Suppression;;;
8849012;Suppression;;;
8628209;Suppression;;;
8736053;Suppression;;;
8522620;Suppression;;;
8712374;Suppression;;;
8637522;Suppression;;;
8585047;Suppression;;;
8497427;Suppression;;;
8736737;Suppression;;;
8609333;Suppression;;;
8515913;Suppression;;;
8647495;Suppression;;;
8527113;Suppression;;;
8560728;Suppression;;;
8527120;Suppression;;;
8584377;Suppression;;;
8682933;Suppression;;;
8503094;Suppression;;;
8560798;Suppression;;;
8590555;Suppression;;;
8614143;Suppression;;;
8590515;Suppression;;;
8590495;Suppression;;;
8622452;Suppression;;;
8560394;Suppression;;;
8640382;Suppression;;;
8647480;Suppression;;;
8614811;Suppression;;;
8609983;Suppression;;;
8590545;Suppression;;;
8515936;Suppression;;;
8736425;Suppression;;;
8753335;Suppression;;;
8659891;Suppression;;;
8638451;Suppression;;;
8753978;Suppression;;;
8590775;Suppression;;;
8736442;Suppression;;;
8577023;Suppression;;;
8577337;Suppression;;;
8515586;Suppression;;;
8543784;Suppression;;;
8497339;Suppression;;;
8590815;Suppression;;;
8515600;Suppression;;;
8594290;Suppression;;;
8546951;Suppression;;;
8557191;Suppression;;;
8594302;Suppression;;;
8515931;Suppression;;;
8611581;Suppression;;;
8577019;Suppression;;;
8643258;Suppression;;;
8511444;Suppression;;;
8503416;Suppression;;;
566369;Suppression;;;
8497437;Suppression;;;
8515905;Suppression;;;
8497392;Suppression;;;
8641048;Suppression;;;
8737338;Suppression;;;
8684536;Suppression;;;
8590480;Suppression;;;
8577366;Suppression;;;
8638455;Suppression;;;
8696379;Suppression;;;
8753659;Suppression;;;
8519104;Suppression;;;
8564853;Suppression;;;
8590478;Suppression;;;
8515896;Suppression;;;
8753976;Suppression;;;
8651941;Suppression;;;
8511437;Suppression;;;
8645491;Suppression;;;
8594296;Suppression;;;
8609012;Suppression;;;
8643570;Suppression;;;
8515578;Suppression;;;
8640383;Suppression;;;
8621816;Suppression;;;
8584369;Suppression;;;
8511493;Suppression;;;
8585041;Suppression;;;
8641973;Suppression;;;
8522636;Suppression;;;
8577370;Suppression;;;
8609367;Suppression;;;
8560726;Suppression;;;
8583346;Suppression;;;
8504697;Suppression;;;
8577343;Suppression;;;
8637493;Suppression;;;
8526456;Suppression;;;
8682943;Suppression;;;
8560772;Suppression;;;
8647473;Suppression;;;
8590790;Suppression;;;
8622476;Suppression;;;
8546947;Suppression;;;
8560385;Suppression;;;
8560401;Suppression;;;
8683278;Suppression;;;
8502455;Suppression;;;
8549815;Suppression;;;
8638141;Suppression;;;
8637506;Suppression;;;
8560411;Suppression;;;
8504050;Suppression;;;
8561015;Suppression;;;
8712369;Suppression;;;
8683265;Suppression;;;
8637501;Suppression;;;
8645492;Suppression;;;
8590800;Suppression;;;
8504378;Suppression;;;
8504692;Suppression;;;
8736421;Suppression;;;
8533809;Suppression;;;
8515916;Suppression;;;
8577386;Suppression;;;
8740871;Suppression;;;
8515935;Suppression;;;
8515924;Suppression;;;
8533816;Suppression;;;
8577334;Suppression;;;
8511466;Suppression;;;
8590544;Suppression;;;
8504060;Suppression;;;
8588853;Suppression;;;
8590471;Suppression;;;
8514940;Suppression;;;
8740856;Suppression;;;
8533492;Suppression;;;
8497419;Suppression;;;
8614129;Suppression;;;
8548544;Suppression;;;
8744842;Suppression;;;
8511423;Suppression;;;
8642293;Suppression;;;
8609330;Suppression;;;
8683250;Suppression;;;
8642939;Suppression;;;
8515906;Suppression;;;
8744846;Suppression;;;
8647498;Suppression;;;
8590454;Suppression;;;
8736413;Suppression;;;
8552691;Suppression;;;
8647435;Suppression;;;
8659896;Suppression;;;
8497421;Suppression;;;
8590549;Suppression;;;
8583418;Suppression;;;
8640698;Suppression;;;
8682936;Suppression;;;
8546930;Suppression;;;
8622151;Suppression;;;
8546299;Suppression;;;
8736448;Suppression;;;
8511425;Suppression;;;
8609982;Suppression;;;
8560799;Suppression;;;
8614769;Suppression;;;
8683275;Suppression;;;
8546298;Suppression;;;
8543793;Suppression;;;
8504051;Suppression;;;
8560782;Suppression;;;
8504062;Suppression;;;
8577387;Suppression;;;
8637503;Suppression;;;
8615100;Suppression;;;
8533819;Suppression;;;
8497443;Suppression;;;
8546945;Suppression;;;
8615101;Suppression;;;
8533502;Suppression;;;
8615123;Suppression;;;
8642619;Suppression;;;
8497384;Suppression;;;
8590474;Suppression;;;
8736740;Suppression;;;
8511478;Suppression;;;
8736434;Suppression;;;
8615107;Suppression;;;
8736385;Suppression;;;
8560395;Suppression;;;
8590568;Suppression;;;
8590572;Suppression;;;
8503101;Suppression;;;
8647500;Suppression;;;
8577018;Suppression;;;
8560781;Suppression;;;
8594629;Suppression;;;
8740851;Suppression;;;
8609021;Suppression;;;
8621495;Suppression;;;
8683267;Suppression;;;
8520380;Suppression;;;
8588851;Suppression;;;
8554619;Suppression;;;
8736730;Suppression;;;
8621850;Suppression;;;
8560765;Suppression;;;
8560801;Suppression;;;
8588216;Suppression;;;
8504689;Suppression;;;
8609342;Suppression;;;
8609977;Suppression;;;
8590540;Suppression;;;
8497358;Suppression;;;
8622134;Suppression;;;
8503103;Suppression;;;
8585020;Suppression;;;
8585043;Suppression;;;
8590481;Suppression;;;
8659890;Suppression;;;
8736703;Suppression;;;
8590504;Suppression;;;
8497428;Suppression;;;
8594664;Suppression;;;
8527119;Suppression;;;
8590804;Suppression;;;
8621854;Suppression;;;
8561011;Suppression;;;
8594293;Suppression;;;
8642622;Suppression;;;
8511500;Suppression;;;
8504693;Suppression;;;
8552383;Suppression;;;
8548541;Suppression;;;
8621814;Suppression;;;
8577357;Suppression;;;
8697011;Suppression;;;
8737343;Suppression;;;
8522626;Suppression;;;
8673009;Suppression;;;
8574454;Suppression;;;
8590469;Suppression;;;
8651249;Suppression;;;
8641028;Suppression;;;
8637525;Suppression;;;
8543799;Suppression;;;
8520373;Suppression;;;
8647411;Suppression;;;
8615105;Suppression;;;
8546614;Suppression;;;
8647499;Suppression;;;
8585048;Suppression;;;
8511477;Suppression;;;
8504052;Suppression;;;
8737337;Suppression;;;
8624714;Suppression;;;
8898291;Suppression;;;
8590579;Suppression;;;
8659901;Suppression;;;
8590783;Suppression;;;
8590562;Suppression;;;
8614802;Suppression;;;
8697016;Suppression;;;
8670782;Suppression;;;
8588222;Suppression;;;
8647460;Suppression;;;
8497402;Suppression;;;
8522631;Suppression;;;
8651907;Suppression;;;
8637516;Suppression;;;
8753330;Suppression;;;
8520371;Suppression;;;
8609364;Suppression;;;
8590789;Suppression;;;
8504699;Suppression;;;
8527094;Suppression;;;
8588855;Suppression;;;
8518784;Suppression;;;
8651262;Suppression;;;
8590467;Suppression;;;
8614774;Suppression;;;
8712376;Suppression;;;
8639097;Suppression;;;
8609338;Suppression;;;
8584371;Suppression;;;
8696383;Suppression;;;
8543094;Suppression;;;
8614815;Suppression;;;
8811889;Suppression;;;
8609334;Suppression;;;
8577388;Suppression;;;
8497380;Suppression;;;
8514934;Suppression;;;
8647502;Suppression;;;
8497432;Suppression;;;
8560810;Suppression;;;
8736375;Suppression;;;
8622160;Suppression;;;
8520370;Suppression;;;
8614791;Suppression;;;
8638452;Suppression;;;
8736452;Suppression;;;
8560748;Suppression;;;
8683271;Suppression;;;
8548540;Suppression;;;
8497442;Suppression;;;
8624717;Suppression;;;
8987892;Suppression;;;
8712058;Suppression;;;
8527112;Suppression;;;
8590462;Suppression;;;
8736386;Suppression;;;
8543748;Suppression;;;
8651916;Suppression;;;
8736054;Suppression;;;
8511448;Suppression;;;
8639101;Suppression;;;
8609019;Suppression;;;
8736383;Suppression;;;
8533499;Suppression;;;
8557194;Suppression;;;
8590522;Suppression;;;
8625654;Suppression;;;
8546634;Suppression;;;
8736459;Suppression;;;
8736431;Suppression;;;
8651911;Suppression;;;
8590781;Suppression;;;
8622150;Suppression;;;
8647410;Suppression;;;
8590527;Suppression;;;
8585033;Suppression;;;
8543731;Suppression;;;
8614786;Suppression;;;
8622147;Suppression;;;
8515889;Suppression;;;
8647423;Suppression;;;
8543771;Suppression;;;
8583348;Suppression;;;
8641029;Suppression;;;
8740539;Suppression;;;
8651256;Suppression;;;
8590821;Suppression;;;
8546937;Suppression;;;
8702130;Suppression;;;
8511462;Suppression;;;
8647426;Suppression;;;
8712378;Suppression;;;
8514941;Suppression;;;
8543738;Suppression;;;
8550782;Suppression;;;
8560703;Suppression;;;
8651905;Suppression;;;
8647485;Suppression;;;
8574473;Suppression;;;
8736387;Suppression;;;
8552377;Suppression;;;
8590470;Suppression;;;
8577013;Suppression;;;
8639098;Suppression;;;
8546297;Suppression;;;
8511496;Suppression;;;
8584374;Suppression;;;
8504053;Suppression;;;
8504696;Suppression;;;
